[dotenv@17.3.1] injecting env (10) from .env -- tip: ⚙️  load multiple .env files with { path: ['.env.local', '.env'] }
[dotenv@17.3.1] injecting env (0) from .env -- tip: 🔐 prevent building .env in docker: https://dotenvx.com/prebuild
Database connected
Server running on port 5000
[2026-07-16 18:57:14.557 +0300] [32mINFO[39m: [36mrequest completed[39m
    [35mhost[39m: "NIKITA-PC"
    [35mreq[39m: {
      "id": "7611d85c-fae1-4235-9577-1a3954e14a56",
      "method": "GET",
      "url": "/api/v1/groups",
      "query": {},
      "params": {},
      "headers": {
        "host": "localhost:5000",
        "user-agent": "curl/8.11.0",
        "accept": "*/*"
      },
      "remoteAddress": "::ffff:127.0.0.1",
      "remotePort": 60937
    }
    [35mres[39m: {
      "statusCode": 401,
      "headers": {
        "content-security-policy": "default-src 'self';base-uri 'self';font-src 'self' https: data:;form-action 'self';frame-ancestors 'self';img-src 'self' data:;object-src 'none';script-src 'self';script-src-attr 'none';style-src 'self' https: 'unsafe-inline';upgrade-insecure-requests",
        "cross-origin-opener-policy": "same-origin",
        "cross-origin-resource-policy": "same-origin",
        "origin-agent-cluster": "?1",
        "referrer-policy": "no-referrer",
        "strict-transport-security": "max-age=31536000; includeSubDomains",
        "x-content-type-options": "nosniff",
        "x-dns-prefetch-control": "off",
        "x-download-options": "noopen",
        "x-frame-options": "SAMEORIGIN",
        "x-permitted-cross-domain-policies": "none",
        "x-xss-protection": "0",
        "access-control-allow-origin": "http://localhost:5173",
        "vary": "Origin",
        "access-control-allow-credentials": "true",
        "x-ratelimit-limit": "100",
        "x-ratelimit-remaining": "99",
        "date": "Thu, 16 Jul 2026 15:57:14 GMT",
        "x-ratelimit-reset": "1784218335",
        "content-type": "application/json; charset=utf-8",
        "content-length": "31",
        "etag": "W/\"1f-pZK48A3ZbwxVl8UtZcC9y8sBFbw\""
      }
    }
    [35mresponseTime[39m: 3
[2026-07-16 18:57:14.595 +0300] [32mINFO[39m: [36mrequest completed[39m
    [35mhost[39m: "NIKITA-PC"
    [35mreq[39m: {
      "id": "50d0023a-c98d-44b0-a546-5de3ae91fcaf",
      "method": "GET",
      "url": "/api/v1/lists/curators",
      "query": {},
      "params": {},
      "headers": {
        "host": "localhost:5000",
        "user-agent": "curl/8.11.0",
        "accept": "*/*"
      },
      "remoteAddress": "::ffff:127.0.0.1",
      "remotePort": 60939
    }
    [35mres[39m: {
      "statusCode": 401,
      "headers": {
        "content-security-policy": "default-src 'self';base-uri 'self';font-src 'self' https: data:;form-action 'self';frame-ancestors 'self';img-src 'self' data:;object-src 'none';script-src 'self';script-src-attr 'none';style-src 'self' https: 'unsafe-inline';upgrade-insecure-requests",
        "cross-origin-opener-policy": "same-origin",
        "cross-origin-resource-policy": "same-origin",
        "origin-agent-cluster": "?1",
        "referrer-policy": "no-referrer",
        "strict-transport-security": "max-age=31536000; includeSubDomains",
        "x-content-type-options": "nosniff",
        "x-dns-prefetch-control": "off",
        "x-download-options": "noopen",
        "x-frame-options": "SAMEORIGIN",
        "x-permitted-cross-domain-policies": "none",
        "x-xss-protection": "0",
        "access-control-allow-origin": "http://localhost:5173",
        "vary": "Origin",
        "access-control-allow-credentials": "true",
        "x-ratelimit-limit": "100",
        "x-ratelimit-remaining": "98",
        "date": "Thu, 16 Jul 2026 15:57:14 GMT",
        "x-ratelimit-reset": "1784218335",
        "content-type": "application/json; charset=utf-8",
        "content-length": "31",
        "etag": "W/\"1f-pZK48A3ZbwxVl8UtZcC9y8sBFbw\""
      }
    }
    [35mresponseTime[39m: 1
[2026-07-16 19:00:42.388 +0300] [32mINFO[39m: [36mrequest completed[39m
    [35mhost[39m: "NIKITA-PC"
    [35mreq[39m: {
      "id": "e9f780d5-106d-43e9-b0fe-ee3932e6165b",
      "method": "GET",
      "url": "/api/v1/auth/me",
      "query": {},
      "params": {},
      "headers": {
        "host": "localhost:5000",
        "connection": "close",
        "sec-ch-ua-platform": "\"Windows\"",
        "user-agent": "Mozilla/5.0 (Windows NT 10.0; Win64; x64) AppleWebKit/537.36 (KHTML, like Gecko) Code/1.127.0 Chrome/148.0.7778.97 Electron/42.2.0 Safari/537.36",
        "accept": "application/json, text/plain, */*",
        "sec-ch-ua": "\"Not/A)Brand\";v=\"99\", \"Chromium\";v=\"148\"",
        "sec-ch-ua-mobile": "?0",
        "sec-fetch-site": "same-origin",
        "sec-fetch-mode": "cors",
        "sec-fetch-dest": "empty",
        "referer": "http://localhost:3000/",
        "accept-encoding": "gzip, deflate, br, zstd",
        "accept-language": "ru",
        "cookie": "token=eyJhbGciOiJIUzI1NiIsInR5cCI6IkpXVCJ9.eyJpZCI6MSwicm9sZSI6ImFkbWluIiwiaWF0IjoxNzg0MjE2MTE3LCJleHAiOjE3ODQzMDI1MTd9.quKcQws2dPGd4yJm8pPTYribZzaFhFydG9ZA2V779sA",
        "if-none-match": "W/\"a6-fWFvm8zzS39xA1RhyyhsEmGBAJc\""
      },
      "remoteAddress": "::ffff:127.0.0.1",
      "remotePort": 61228
    }
    [35mres[39m: {
      "statusCode": 200,
      "headers": {
        "content-security-policy": "default-src 'self';base-uri 'self';font-src 'self' https: data:;form-action 'self';frame-ancestors 'self';img-src 'self' data:;object-src 'none';script-src 'self';script-src-attr 'none';style-src 'self' https: 'unsafe-inline';upgrade-insecure-requests",
        "cross-origin-opener-policy": "same-origin",
        "cross-origin-resource-policy": "same-origin",
        "origin-agent-cluster": "?1",
        "referrer-policy": "no-referrer",
        "strict-transport-security": "max-age=31536000; includeSubDomains",
        "x-content-type-options": "nosniff",
        "x-dns-prefetch-control": "off",
        "x-download-options": "noopen",
        "x-frame-options": "SAMEORIGIN",
        "x-permitted-cross-domain-policies": "none",
        "x-xss-protection": "0",
        "access-control-allow-origin": "http://localhost:5173",
        "vary": "Origin",
        "access-control-allow-credentials": "true",
        "x-ratelimit-limit": "100",
        "x-ratelimit-remaining": "97",
        "date": "Thu, 16 Jul 2026 16:00:42 GMT",
        "x-ratelimit-reset": "1784218335",
        "content-type": "application/json; charset=utf-8",
        "content-length": "170",
        "etag": "W/\"aa-UrvyWIbvtkzwhICUlxtLjLqyF4A\""
      }
    }
    [35mresponseTime[39m: 14
[2026-07-16 19:00:42.429 +0300] [32mINFO[39m: [36mrequest completed[39m
    [35mhost[39m: "NIKITA-PC"
    [35mreq[39m: {
      "id": "b9d4c605-5ef5-4e1c-89e0-5e6aabaccf56",
      "method": "GET",
      "url": "/api/v1/dashboard/admin-stats",
      "query": {},
      "params": {},
      "headers": {
        "host": "localhost:5000",
        "connection": "close",
        "sec-ch-ua-platform": "\"Windows\"",
        "user-agent": "Mozilla/5.0 (Windows NT 10.0; Win64; x64) AppleWebKit/537.36 (KHTML, like Gecko) Code/1.127.0 Chrome/148.0.7778.97 Electron/42.2.0 Safari/537.36",
        "accept": "application/json, text/plain, */*",
        "sec-ch-ua": "\"Not/A)Brand\";v=\"99\", \"Chromium\";v=\"148\"",
        "sec-ch-ua-mobile": "?0",
        "sec-fetch-site": "same-origin",
        "sec-fetch-mode": "cors",
        "sec-fetch-dest": "empty",
        "referer": "http://localhost:3000/",
        "accept-encoding": "gzip, deflate, br, zstd",
        "accept-language": "ru",
        "cookie": "token=eyJhbGciOiJIUzI1NiIsInR5cCI6IkpXVCJ9.eyJpZCI6MSwicm9sZSI6ImFkbWluIiwiaWF0IjoxNzg0MjE2MTE3LCJleHAiOjE3ODQzMDI1MTd9.quKcQws2dPGd4yJm8pPTYribZzaFhFydG9ZA2V779sA",
        "if-none-match": "W/\"279-nZZDc70Sf8oA+nX+Kz1QnrainqM\""
      },
      "remoteAddress": "::ffff:127.0.0.1",
      "remotePort": 61230
    }
    [35mres[39m: {
      "statusCode": 200,
      "headers": {
        "content-security-policy": "default-src 'self';base-uri 'self';font-src 'self' https: data:;form-action 'self';frame-ancestors 'self';img-src 'self' data:;object-src 'none';script-src 'self';script-src-attr 'none';style-src 'self' https: 'unsafe-inline';upgrade-insecure-requests",
        "cross-origin-opener-policy": "same-origin",
        "cross-origin-resource-policy": "same-origin",
        "origin-agent-cluster": "?1",
        "referrer-policy": "no-referrer",
        "strict-transport-security": "max-age=31536000; includeSubDomains",
        "x-content-type-options": "nosniff",
        "x-dns-prefetch-control": "off",
        "x-download-options": "noopen",
        "x-frame-options": "SAMEORIGIN",
        "x-permitted-cross-domain-policies": "none",
        "x-xss-protection": "0",
        "access-control-allow-origin": "http://localhost:5173",
        "vary": "Origin",
        "access-control-allow-credentials": "true",
        "x-ratelimit-limit": "100",
        "x-ratelimit-remaining": "96",
        "date": "Thu, 16 Jul 2026 16:00:42 GMT",
        "x-ratelimit-reset": "1784218335",
        "content-type": "application/json; charset=utf-8",
        "content-length": "568",
        "etag": "W/\"238-mo6FpeqzaHA9d2C7UeMNNLNCniA\""
      }
    }
    [35mresponseTime[39m: 23
[2026-07-16 19:00:44.165 +0300] [32mINFO[39m: [36mrequest completed[39m
    [35mhost[39m: "NIKITA-PC"
    [35mreq[39m: {
      "id": "b7f07bf7-a5c0-4ed9-afd4-9d581aa54e12",
      "method": "GET",
      "url": "/api/v1/groups",
      "query": {},
      "params": {},
      "headers": {
        "host": "localhost:5000",
        "connection": "close",
        "sec-ch-ua-platform": "\"Windows\"",
        "user-agent": "Mozilla/5.0 (Windows NT 10.0; Win64; x64) AppleWebKit/537.36 (KHTML, like Gecko) Code/1.127.0 Chrome/148.0.7778.97 Electron/42.2.0 Safari/537.36",
        "accept": "application/json, text/plain, */*",
        "sec-ch-ua": "\"Not/A)Brand\";v=\"99\", \"Chromium\";v=\"148\"",
        "sec-ch-ua-mobile": "?0",
        "sec-fetch-site": "same-origin",
        "sec-fetch-mode": "cors",
        "sec-fetch-dest": "empty",
        "referer": "http://localhost:3000/",
        "accept-encoding": "gzip, deflate, br, zstd",
        "accept-language": "ru",
        "cookie": "token=eyJhbGciOiJIUzI1NiIsInR5cCI6IkpXVCJ9.eyJpZCI6MSwicm9sZSI6ImFkbWluIiwiaWF0IjoxNzg0MjE2MTE3LCJleHAiOjE3ODQzMDI1MTd9.quKcQws2dPGd4yJm8pPTYribZzaFhFydG9ZA2V779sA",
        "if-none-match": "W/\"ea-IKsxiRIdoAB0YM310oDE/+2DrTw\""
      },
      "remoteAddress": "::ffff:127.0.0.1",
      "remotePort": 61237
    }
    [35mres[39m: {
      "statusCode": 200,
      "headers": {
        "content-security-policy": "default-src 'self';base-uri 'self';font-src 'self' https: data:;form-action 'self';frame-ancestors 'self';img-src 'self' data:;object-src 'none';script-src 'self';script-src-attr 'none';style-src 'self' https: 'unsafe-inline';upgrade-insecure-requests",
        "cross-origin-opener-policy": "same-origin",
        "cross-origin-resource-policy": "same-origin",
        "origin-agent-cluster": "?1",
        "referrer-policy": "no-referrer",
        "strict-transport-security": "max-age=31536000; includeSubDomains",
        "x-content-type-options": "nosniff",
        "x-dns-prefetch-control": "off",
        "x-download-options": "noopen",
        "x-frame-options": "SAMEORIGIN",
        "x-permitted-cross-domain-policies": "none",
        "x-xss-protection": "0",
        "access-control-allow-origin": "http://localhost:5173",
        "vary": "Origin",
        "access-control-allow-credentials": "true",
        "x-ratelimit-limit": "100",
        "x-ratelimit-remaining": "94",
        "date": "Thu, 16 Jul 2026 16:00:44 GMT",
        "x-ratelimit-reset": "1784218335",
        "content-type": "application/json; charset=utf-8",
        "content-length": "227",
        "etag": "W/\"e3-7piODOHn8YmTx0s5vHWLV3hMQsE\""
      }
    }
    [35mresponseTime[39m: 25
[2026-07-16 19:00:44.167 +0300] [32mINFO[39m: [36mrequest completed[39m
    [35mhost[39m: "NIKITA-PC"
    [35mreq[39m: {
      "id": "a918de1f-6024-454b-8823-c13101628040",
      "method": "GET",
      "url": "/api/v1/recipients?page=1&limit=15",
      "query": {
        "page": "1",
        "limit": "15"
      },
      "params": {},
      "headers": {
        "host": "localhost:5000",
        "connection": "close",
        "sec-ch-ua-platform": "\"Windows\"",
        "user-agent": "Mozilla/5.0 (Windows NT 10.0; Win64; x64) AppleWebKit/537.36 (KHTML, like Gecko) Code/1.127.0 Chrome/148.0.7778.97 Electron/42.2.0 Safari/537.36",
        "accept": "application/json, text/plain, */*",
        "sec-ch-ua": "\"Not/A)Brand\";v=\"99\", \"Chromium\";v=\"148\"",
        "sec-ch-ua-mobile": "?0",
        "sec-fetch-site": "same-origin",
        "sec-fetch-mode": "cors",
        "sec-fetch-dest": "empty",
        "referer": "http://localhost:3000/",
        "accept-encoding": "gzip, deflate, br, zstd",
        "accept-language": "ru",
        "cookie": "token=eyJhbGciOiJIUzI1NiIsInR5cCI6IkpXVCJ9.eyJpZCI6MSwicm9sZSI6ImFkbWluIiwiaWF0IjoxNzg0MjE2MTE3LCJleHAiOjE3ODQzMDI1MTd9.quKcQws2dPGd4yJm8pPTYribZzaFhFydG9ZA2V779sA",
        "if-none-match": "W/\"8917-xfwoZiqE5XfMGoGPpozXGvxlGCM\""
      },
      "remoteAddress": "::ffff:127.0.0.1",
      "remotePort": 61236
    }
    [35mres[39m: {
      "statusCode": 304,
      "headers": {
        "content-security-policy": "default-src 'self';base-uri 'self';font-src 'self' https: data:;form-action 'self';frame-ancestors 'self';img-src 'self' data:;object-src 'none';script-src 'self';script-src-attr 'none';style-src 'self' https: 'unsafe-inline';upgrade-insecure-requests",
        "cross-origin-opener-policy": "same-origin",
        "cross-origin-resource-policy": "same-origin",
        "origin-agent-cluster": "?1",
        "referrer-policy": "no-referrer",
        "strict-transport-security": "max-age=31536000; includeSubDomains",
        "x-content-type-options": "nosniff",
        "x-dns-prefetch-control": "off",
        "x-download-options": "noopen",
        "x-frame-options": "SAMEORIGIN",
        "x-permitted-cross-domain-policies": "none",
        "x-xss-protection": "0",
        "access-control-allow-origin": "http://localhost:5173",
        "vary": "Origin",
        "access-control-allow-credentials": "true",
        "x-ratelimit-limit": "100",
        "x-ratelimit-remaining": "95",
        "date": "Thu, 16 Jul 2026 16:00:44 GMT",
        "x-ratelimit-reset": "1784218335",
        "etag": "W/\"8917-xfwoZiqE5XfMGoGPpozXGvxlGCM\""
      }
    }
    [35mresponseTime[39m: 29
[2026-07-16 19:00:58.788 +0300] [32mINFO[39m: [36mrequest completed[39m
    [35mhost[39m: "NIKITA-PC"
    [35mreq[39m: {
      "id": "784fcbfd-2a43-4552-ae96-bbd30a48723e",
      "method": "PUT",
      "url": "/api/v1/recipients/12",
      "query": {},
      "params": {},
      "headers": {
        "host": "localhost:5000",
        "connection": "close",
        "content-length": "250",
        "sec-ch-ua-platform": "\"Windows\"",
        "user-agent": "Mozilla/5.0 (Windows NT 10.0; Win64; x64) AppleWebKit/537.36 (KHTML, like Gecko) Code/1.127.0 Chrome/148.0.7778.97 Electron/42.2.0 Safari/537.36",
        "accept": "application/json, text/plain, */*",
        "sec-ch-ua": "\"Not/A)Brand\";v=\"99\", \"Chromium\";v=\"148\"",
        "content-type": "application/json",
        "sec-ch-ua-mobile": "?0",
        "origin": "http://localhost:3000",
        "sec-fetch-site": "same-origin",
        "sec-fetch-mode": "cors",
        "sec-fetch-dest": "empty",
        "referer": "http://localhost:3000/",
        "accept-encoding": "gzip, deflate, br, zstd",
        "accept-language": "ru",
        "cookie": "token=eyJhbGciOiJIUzI1NiIsInR5cCI6IkpXVCJ9.eyJpZCI6MSwicm9sZSI6ImFkbWluIiwiaWF0IjoxNzg0MjE2MTE3LCJleHAiOjE3ODQzMDI1MTd9.quKcQws2dPGd4yJm8pPTYribZzaFhFydG9ZA2V779sA"
      },
      "remoteAddress": "::ffff:127.0.0.1",
      "remotePort": 61256
    }
    [35mres[39m: {
      "statusCode": 200,
      "headers": {
        "content-security-policy": "default-src 'self';base-uri 'self';font-src 'self' https: data:;form-action 'self';frame-ancestors 'self';img-src 'self' data:;object-src 'none';script-src 'self';script-src-attr 'none';style-src 'self' https: 'unsafe-inline';upgrade-insecure-requests",
        "cross-origin-opener-policy": "same-origin",
        "cross-origin-resource-policy": "same-origin",
        "origin-agent-cluster": "?1",
        "referrer-policy": "no-referrer",
        "strict-transport-security": "max-age=31536000; includeSubDomains",
        "x-content-type-options": "nosniff",
        "x-dns-prefetch-control": "off",
        "x-download-options": "noopen",
        "x-frame-options": "SAMEORIGIN",
        "x-permitted-cross-domain-policies": "none",
        "x-xss-protection": "0",
        "access-control-allow-origin": "http://localhost:5173",
        "vary": "Origin",
        "access-control-allow-credentials": "true",
        "x-ratelimit-limit": "100",
        "x-ratelimit-remaining": "93",
        "date": "Thu, 16 Jul 2026 16:00:58 GMT",
        "x-ratelimit-reset": "1784218335",
        "content-type": "application/json; charset=utf-8",
        "content-length": "1712",
        "etag": "W/\"6b0-oBuP3bQATCywIqnoo9nKhQ67/t8\""
      }
    }
    [35mresponseTime[39m: 68
[2026-07-16 19:00:58.808 +0300] [32mINFO[39m: [36mrequest completed[39m
    [35mhost[39m: "NIKITA-PC"
    [35mreq[39m: {
      "id": "8636b83b-a236-43c7-aa11-4717c44cc295",
      "method": "GET",
      "url": "/api/v1/recipients?page=1&limit=15",
      "query": {
        "page": "1",
        "limit": "15"
      },
      "params": {},
      "headers": {
        "host": "localhost:5000",
        "connection": "close",
        "sec-ch-ua-platform": "\"Windows\"",
        "user-agent": "Mozilla/5.0 (Windows NT 10.0; Win64; x64) AppleWebKit/537.36 (KHTML, like Gecko) Code/1.127.0 Chrome/148.0.7778.97 Electron/42.2.0 Safari/537.36",
        "accept": "application/json, text/plain, */*",
        "sec-ch-ua": "\"Not/A)Brand\";v=\"99\", \"Chromium\";v=\"148\"",
        "sec-ch-ua-mobile": "?0",
        "sec-fetch-site": "same-origin",
        "sec-fetch-mode": "cors",
        "sec-fetch-dest": "empty",
        "referer": "http://localhost:3000/",
        "accept-encoding": "gzip, deflate, br, zstd",
        "accept-language": "ru",
        "cookie": "token=eyJhbGciOiJIUzI1NiIsInR5cCI6IkpXVCJ9.eyJpZCI6MSwicm9sZSI6ImFkbWluIiwiaWF0IjoxNzg0MjE2MTE3LCJleHAiOjE3ODQzMDI1MTd9.quKcQws2dPGd4yJm8pPTYribZzaFhFydG9ZA2V779sA",
        "if-none-match": "W/\"8917-xfwoZiqE5XfMGoGPpozXGvxlGCM\""
      },
      "remoteAddress": "::ffff:127.0.0.1",
      "remotePort": 61260
    }
    [35mres[39m: {
      "statusCode": 200,
      "headers": {
        "content-security-policy": "default-src 'self';base-uri 'self';font-src 'self' https: data:;form-action 'self';frame-ancestors 'self';img-src 'self' data:;object-src 'none';script-src 'self';script-src-attr 'none';style-src 'self' https: 'unsafe-inline';upgrade-insecure-requests",
        "cross-origin-opener-policy": "same-origin",
        "cross-origin-resource-policy": "same-origin",
        "origin-agent-cluster": "?1",
        "referrer-policy": "no-referrer",
        "strict-transport-security": "max-age=31536000; includeSubDomains",
        "x-content-type-options": "nosniff",
        "x-dns-prefetch-control": "off",
        "x-download-options": "noopen",
        "x-frame-options": "SAMEORIGIN",
        "x-permitted-cross-domain-policies": "none",
        "x-xss-protection": "0",
        "access-control-allow-origin": "http://localhost:5173",
        "vary": "Origin",
        "access-control-allow-credentials": "true",
        "x-ratelimit-limit": "100",
        "x-ratelimit-remaining": "92",
        "date": "Thu, 16 Jul 2026 16:00:58 GMT",
        "x-ratelimit-reset": "1784218335",
        "content-type": "application/json; charset=utf-8",
        "content-length": "35299",
        "etag": "W/\"89e3-Bz0RGqjN6NvcsJdJq9fCdKW5bbU\""
      }
    }
    [35mresponseTime[39m: 16
[2026-07-16 19:01:01.758 +0300] [32mINFO[39m: [36mrequest completed[39m
    [35mhost[39m: "NIKITA-PC"
    [35mreq[39m: {
      "id": "43df9ce7-cf61-4d98-98f8-499528e69bfd",
      "method": "GET",
      "url": "/api/v1/lists/curators",
      "query": {},
      "params": {},
      "headers": {
        "host": "localhost:5000",
        "connection": "close",
        "sec-ch-ua-platform": "\"Windows\"",
        "user-agent": "Mozilla/5.0 (Windows NT 10.0; Win64; x64) AppleWebKit/537.36 (KHTML, like Gecko) Code/1.127.0 Chrome/148.0.7778.97 Electron/42.2.0 Safari/537.36",
        "accept": "application/json, text/plain, */*",
        "sec-ch-ua": "\"Not/A)Brand\";v=\"99\", \"Chromium\";v=\"148\"",
        "sec-ch-ua-mobile": "?0",
        "sec-fetch-site": "same-origin",
        "sec-fetch-mode": "cors",
        "sec-fetch-dest": "empty",
        "referer": "http://localhost:3000/",
        "accept-encoding": "gzip, deflate, br, zstd",
        "accept-language": "ru",
        "cookie": "token=eyJhbGciOiJIUzI1NiIsInR5cCI6IkpXVCJ9.eyJpZCI6MSwicm9sZSI6ImFkbWluIiwiaWF0IjoxNzg0MjE2MTE3LCJleHAiOjE3ODQzMDI1MTd9.quKcQws2dPGd4yJm8pPTYribZzaFhFydG9ZA2V779sA",
        "if-none-match": "W/\"5c-VGj+uOuuz4oRm8U5bRJ5+7Fv9n4\""
      },
      "remoteAddress": "::ffff:127.0.0.1",
      "remotePort": 61266
    }
    [35mres[39m: {
      "statusCode": 200,
      "headers": {
        "content-security-policy": "default-src 'self';base-uri 'self';font-src 'self' https: data:;form-action 'self';frame-ancestors 'self';img-src 'self' data:;object-src 'none';script-src 'self';script-src-attr 'none';style-src 'self' https: 'unsafe-inline';upgrade-insecure-requests",
        "cross-origin-opener-policy": "same-origin",
        "cross-origin-resource-policy": "same-origin",
        "origin-agent-cluster": "?1",
        "referrer-policy": "no-referrer",
        "strict-transport-security": "max-age=31536000; includeSubDomains",
        "x-content-type-options": "nosniff",
        "x-dns-prefetch-control": "off",
        "x-download-options": "noopen",
        "x-frame-options": "SAMEORIGIN",
        "x-permitted-cross-domain-policies": "none",
        "x-xss-protection": "0",
        "access-control-allow-origin": "http://localhost:5173",
        "vary": "Origin",
        "access-control-allow-credentials": "true",
        "x-ratelimit-limit": "100",
        "x-ratelimit-remaining": "91",
        "date": "Thu, 16 Jul 2026 16:01:01 GMT",
        "x-ratelimit-reset": "1784218335",
        "content-type": "application/json; charset=utf-8",
        "content-length": "100",
        "etag": "W/\"64-WgMUW9D+GNNE/hZkX5/K6FobkIU\""
      }
    }
    [35mresponseTime[39m: 5
[2026-07-16 19:01:01.771 +0300] [32mINFO[39m: [36mrequest completed[39m
    [35mhost[39m: "NIKITA-PC"
    [35mreq[39m: {
      "id": "e61fe107-4a6d-4350-85da-b05c48e3bd3d",
      "method": "GET",
      "url": "/api/v1/groups?page=1&limit=15",
      "query": {
        "page": "1",
        "limit": "15"
      },
      "params": {},
      "headers": {
        "host": "localhost:5000",
        "connection": "close",
        "sec-ch-ua-platform": "\"Windows\"",
        "user-agent": "Mozilla/5.0 (Windows NT 10.0; Win64; x64) AppleWebKit/537.36 (KHTML, like Gecko) Code/1.127.0 Chrome/148.0.7778.97 Electron/42.2.0 Safari/537.36",
        "accept": "application/json, text/plain, */*",
        "sec-ch-ua": "\"Not/A)Brand\";v=\"99\", \"Chromium\";v=\"148\"",
        "sec-ch-ua-mobile": "?0",
        "sec-fetch-site": "same-origin",
        "sec-fetch-mode": "cors",
        "sec-fetch-dest": "empty",
        "referer": "http://localhost:3000/",
        "accept-encoding": "gzip, deflate, br, zstd",
        "accept-language": "ru",
        "cookie": "token=eyJhbGciOiJIUzI1NiIsInR5cCI6IkpXVCJ9.eyJpZCI6MSwicm9sZSI6ImFkbWluIiwiaWF0IjoxNzg0MjE2MTE3LCJleHAiOjE3ODQzMDI1MTd9.quKcQws2dPGd4yJm8pPTYribZzaFhFydG9ZA2V779sA",
        "if-none-match": "W/\"ea-IKsxiRIdoAB0YM310oDE/+2DrTw\""
      },
      "remoteAddress": "::ffff:127.0.0.1",
      "remotePort": 61269
    }
    [35mres[39m: {
      "statusCode": 200,
      "headers": {
        "content-security-policy": "default-src 'self';base-uri 'self';font-src 'self' https: data:;form-action 'self';frame-ancestors 'self';img-src 'self' data:;object-src 'none';script-src 'self';script-src-attr 'none';style-src 'self' https: 'unsafe-inline';upgrade-insecure-requests",
        "cross-origin-opener-policy": "same-origin",
        "cross-origin-resource-policy": "same-origin",
        "origin-agent-cluster": "?1",
        "referrer-policy": "no-referrer",
        "strict-transport-security": "max-age=31536000; includeSubDomains",
        "x-content-type-options": "nosniff",
        "x-dns-prefetch-control": "off",
        "x-download-options": "noopen",
        "x-frame-options": "SAMEORIGIN",
        "x-permitted-cross-domain-policies": "none",
        "x-xss-protection": "0",
        "access-control-allow-origin": "http://localhost:5173",
        "vary": "Origin",
        "access-control-allow-credentials": "true",
        "x-ratelimit-limit": "100",
        "x-ratelimit-remaining": "90",
        "date": "Thu, 16 Jul 2026 16:01:01 GMT",
        "x-ratelimit-reset": "1784218335",
        "content-type": "application/json; charset=utf-8",
        "content-length": "227",
        "etag": "W/\"e3-SIP6U4g0vNPl6oHOt14Uxuqj3Vw\""
      }
    }
    [35mresponseTime[39m: 8
[2026-07-16 19:01:02.864 +0300] [32mINFO[39m: [36mrequest completed[39m
    [35mhost[39m: "NIKITA-PC"
    [35mreq[39m: {
      "id": "fa42daab-e30c-4af2-87cb-430af1512f99",
      "method": "GET",
      "url": "/api/v1/groups/9/recipients",
      "query": {},
      "params": {},
      "headers": {
        "host": "localhost:5000",
        "connection": "close",
        "sec-ch-ua-platform": "\"Windows\"",
        "user-agent": "Mozilla/5.0 (Windows NT 10.0; Win64; x64) AppleWebKit/537.36 (KHTML, like Gecko) Code/1.127.0 Chrome/148.0.7778.97 Electron/42.2.0 Safari/537.36",
        "accept": "application/json, text/plain, */*",
        "sec-ch-ua": "\"Not/A)Brand\";v=\"99\", \"Chromium\";v=\"148\"",
        "sec-ch-ua-mobile": "?0",
        "sec-fetch-site": "same-origin",
        "sec-fetch-mode": "cors",
        "sec-fetch-dest": "empty",
        "referer": "http://localhost:3000/",
        "accept-encoding": "gzip, deflate, br, zstd",
        "accept-language": "ru",
        "cookie": "token=eyJhbGciOiJIUzI1NiIsInR5cCI6IkpXVCJ9.eyJpZCI6MSwicm9sZSI6ImFkbWluIiwiaWF0IjoxNzg0MjE2MTE3LCJleHAiOjE3ODQzMDI1MTd9.quKcQws2dPGd4yJm8pPTYribZzaFhFydG9ZA2V779sA",
        "if-none-match": "W/\"2-l9Fw4VUO7kr8CvBlt4zaMCqXZ0w\""
      },
      "remoteAddress": "::ffff:127.0.0.1",
      "remotePort": 61272
    }
    [35mres[39m: {
      "statusCode": 200,
      "headers": {
        "content-security-policy": "default-src 'self';base-uri 'self';font-src 'self' https: data:;form-action 'self';frame-ancestors 'self';img-src 'self' data:;object-src 'none';script-src 'self';script-src-attr 'none';style-src 'self' https: 'unsafe-inline';upgrade-insecure-requests",
        "cross-origin-opener-policy": "same-origin",
        "cross-origin-resource-policy": "same-origin",
        "origin-agent-cluster": "?1",
        "referrer-policy": "no-referrer",
        "strict-transport-security": "max-age=31536000; includeSubDomains",
        "x-content-type-options": "nosniff",
        "x-dns-prefetch-control": "off",
        "x-download-options": "noopen",
        "x-frame-options": "SAMEORIGIN",
        "x-permitted-cross-domain-policies": "none",
        "x-xss-protection": "0",
        "access-control-allow-origin": "http://localhost:5173",
        "vary": "Origin",
        "access-control-allow-credentials": "true",
        "x-ratelimit-limit": "100",
        "x-ratelimit-remaining": "89",
        "date": "Thu, 16 Jul 2026 16:01:02 GMT",
        "x-ratelimit-reset": "1784218335",
        "content-type": "application/json; charset=utf-8",
        "content-length": "159",
        "etag": "W/\"9f-UkZScz0peR9+tENh6jhmLc7eyS0\""
      }
    }
    [35mresponseTime[39m: 5
[2026-07-16 19:01:02.883 +0300] [32mINFO[39m: [36mrequest completed[39m
    [35mhost[39m: "NIKITA-PC"
    [35mreq[39m: {
      "id": "3065275c-8ce2-4f6a-83b9-7e6296453613",
      "method": "GET",
      "url": "/api/v1/recipients?page=1&limit=500",
      "query": {
        "page": "1",
        "limit": "500"
      },
      "params": {},
      "headers": {
        "host": "localhost:5000",
        "connection": "close",
        "sec-ch-ua-platform": "\"Windows\"",
        "user-agent": "Mozilla/5.0 (Windows NT 10.0; Win64; x64) AppleWebKit/537.36 (KHTML, like Gecko) Code/1.127.0 Chrome/148.0.7778.97 Electron/42.2.0 Safari/537.36",
        "accept": "application/json, text/plain, */*",
        "sec-ch-ua": "\"Not/A)Brand\";v=\"99\", \"Chromium\";v=\"148\"",
        "sec-ch-ua-mobile": "?0",
        "sec-fetch-site": "same-origin",
        "sec-fetch-mode": "cors",
        "sec-fetch-dest": "empty",
        "referer": "http://localhost:3000/",
        "accept-encoding": "gzip, deflate, br, zstd",
        "accept-language": "ru",
        "cookie": "token=eyJhbGciOiJIUzI1NiIsInR5cCI6IkpXVCJ9.eyJpZCI6MSwicm9sZSI6ImFkbWluIiwiaWF0IjoxNzg0MjE2MTE3LCJleHAiOjE3ODQzMDI1MTd9.quKcQws2dPGd4yJm8pPTYribZzaFhFydG9ZA2V779sA",
        "if-none-match": "W/\"8918-BvVBBRlAbEyZB1BFKWnPEsU8l6k\""
      },
      "remoteAddress": "::ffff:127.0.0.1",
      "remotePort": 61277
    }
    [35mres[39m: {
      "statusCode": 200,
      "headers": {
        "content-security-policy": "default-src 'self';base-uri 'self';font-src 'self' https: data:;form-action 'self';frame-ancestors 'self';img-src 'self' data:;object-src 'none';script-src 'self';script-src-attr 'none';style-src 'self' https: 'unsafe-inline';upgrade-insecure-requests",
        "cross-origin-opener-policy": "same-origin",
        "cross-origin-resource-policy": "same-origin",
        "origin-agent-cluster": "?1",
        "referrer-policy": "no-referrer",
        "strict-transport-security": "max-age=31536000; includeSubDomains",
        "x-content-type-options": "nosniff",
        "x-dns-prefetch-control": "off",
        "x-download-options": "noopen",
        "x-frame-options": "SAMEORIGIN",
        "x-permitted-cross-domain-policies": "none",
        "x-xss-protection": "0",
        "access-control-allow-origin": "http://localhost:5173",
        "vary": "Origin",
        "access-control-allow-credentials": "true",
        "x-ratelimit-limit": "100",
        "x-ratelimit-remaining": "88",
        "date": "Thu, 16 Jul 2026 16:01:02 GMT",
        "x-ratelimit-reset": "1784218335",
        "content-type": "application/json; charset=utf-8",
        "content-length": "35300",
        "etag": "W/\"89e4-CcYsi1eVj3Papk21EeOp5ACQ3s4\""
      }
    }
    [35mresponseTime[39m: 14
[2026-07-16 19:01:15.365 +0300] [32mINFO[39m: [36mrequest completed[39m
    [35mhost[39m: "NIKITA-PC"
    [35mreq[39m: {
      "id": "78738e80-90b2-4bdb-a62b-f4e75bf2d9cf",
      "method": "DELETE",
      "url": "/api/v1/groups/9",
      "query": {},
      "params": {},
      "headers": {
        "host": "localhost:5000",
        "connection": "close",
        "sec-ch-ua-platform": "\"Windows\"",
        "user-agent": "Mozilla/5.0 (Windows NT 10.0; Win64; x64) AppleWebKit/537.36 (KHTML, like Gecko) Code/1.127.0 Chrome/148.0.7778.97 Electron/42.2.0 Safari/537.36",
        "accept": "application/json, text/plain, */*",
        "sec-ch-ua": "\"Not/A)Brand\";v=\"99\", \"Chromium\";v=\"148\"",
        "sec-ch-ua-mobile": "?0",
        "origin": "http://localhost:3000",
        "sec-fetch-site": "same-origin",
        "sec-fetch-mode": "cors",
        "sec-fetch-dest": "empty",
        "referer": "http://localhost:3000/",
        "accept-encoding": "gzip, deflate, br, zstd",
        "accept-language": "ru",
        "cookie": "token=eyJhbGciOiJIUzI1NiIsInR5cCI6IkpXVCJ9.eyJpZCI6MSwicm9sZSI6ImFkbWluIiwiaWF0IjoxNzg0MjE2MTE3LCJleHAiOjE3ODQzMDI1MTd9.quKcQws2dPGd4yJm8pPTYribZzaFhFydG9ZA2V779sA",
        "content-length": "0"
      },
      "remoteAddress": "::ffff:127.0.0.1",
      "remotePort": 61295
    }
    [35mres[39m: {
      "statusCode": 200,
      "headers": {
        "content-security-policy": "default-src 'self';base-uri 'self';font-src 'self' https: data:;form-action 'self';frame-ancestors 'self';img-src 'self' data:;object-src 'none';script-src 'self';script-src-attr 'none';style-src 'self' https: 'unsafe-inline';upgrade-insecure-requests",
        "cross-origin-opener-policy": "same-origin",
        "cross-origin-resource-policy": "same-origin",
        "origin-agent-cluster": "?1",
        "referrer-policy": "no-referrer",
        "strict-transport-security": "max-age=31536000; includeSubDomains",
        "x-content-type-options": "nosniff",
        "x-dns-prefetch-control": "off",
        "x-download-options": "noopen",
        "x-frame-options": "SAMEORIGIN",
        "x-permitted-cross-domain-policies": "none",
        "x-xss-protection": "0",
        "access-control-allow-origin": "http://localhost:5173",
        "vary": "Origin",
        "access-control-allow-credentials": "true",
        "x-ratelimit-limit": "100",
        "x-ratelimit-remaining": "87",
        "date": "Thu, 16 Jul 2026 16:01:15 GMT",
        "x-ratelimit-reset": "1784218335",
        "content-type": "application/json; charset=utf-8",
        "content-length": "54",
        "etag": "W/\"36-D4UgJaMNBNePGB9ssxq1rmu6GTM\""
      }
    }
    [35mresponseTime[39m: 51
[2026-07-16 19:01:15.378 +0300] [32mINFO[39m: [36mrequest completed[39m
    [35mhost[39m: "NIKITA-PC"
    [35mreq[39m: {
      "id": "704b44f6-ea45-46d7-ab13-cad2a7513f1b",
      "method": "GET",
      "url": "/api/v1/groups?page=1&limit=15",
      "query": {
        "page": "1",
        "limit": "15"
      },
      "params": {},
      "headers": {
        "host": "localhost:5000",
        "connection": "close",
        "sec-ch-ua-platform": "\"Windows\"",
        "user-agent": "Mozilla/5.0 (Windows NT 10.0; Win64; x64) AppleWebKit/537.36 (KHTML, like Gecko) Code/1.127.0 Chrome/148.0.7778.97 Electron/42.2.0 Safari/537.36",
        "accept": "application/json, text/plain, */*",
        "sec-ch-ua": "\"Not/A)Brand\";v=\"99\", \"Chromium\";v=\"148\"",
        "sec-ch-ua-mobile": "?0",
        "sec-fetch-site": "same-origin",
        "sec-fetch-mode": "cors",
        "sec-fetch-dest": "empty",
        "referer": "http://localhost:3000/",
        "accept-encoding": "gzip, deflate, br, zstd",
        "accept-language": "ru",
        "cookie": "token=eyJhbGciOiJIUzI1NiIsInR5cCI6IkpXVCJ9.eyJpZCI6MSwicm9sZSI6ImFkbWluIiwiaWF0IjoxNzg0MjE2MTE3LCJleHAiOjE3ODQzMDI1MTd9.quKcQws2dPGd4yJm8pPTYribZzaFhFydG9ZA2V779sA",
        "if-none-match": "W/\"e3-SIP6U4g0vNPl6oHOt14Uxuqj3Vw\""
      },
      "remoteAddress": "::ffff:127.0.0.1",
      "remotePort": 61299
    }
    [35mres[39m: {
      "statusCode": 200,
      "headers": {
        "content-security-policy": "default-src 'self';base-uri 'self';font-src 'self' https: data:;form-action 'self';frame-ancestors 'self';img-src 'self' data:;object-src 'none';script-src 'self';script-src-attr 'none';style-src 'self' https: 'unsafe-inline';upgrade-insecure-requests",
        "cross-origin-opener-policy": "same-origin",
        "cross-origin-resource-policy": "same-origin",
        "origin-agent-cluster": "?1",
        "referrer-policy": "no-referrer",
        "strict-transport-security": "max-age=31536000; includeSubDomains",
        "x-content-type-options": "nosniff",
        "x-dns-prefetch-control": "off",
        "x-download-options": "noopen",
        "x-frame-options": "SAMEORIGIN",
        "x-permitted-cross-domain-policies": "none",
        "x-xss-protection": "0",
        "access-control-allow-origin": "http://localhost:5173",
        "vary": "Origin",
        "access-control-allow-credentials": "true",
        "x-ratelimit-limit": "100",
        "x-ratelimit-remaining": "86",
        "date": "Thu, 16 Jul 2026 16:01:15 GMT",
        "x-ratelimit-reset": "1784218335",
        "content-type": "application/json; charset=utf-8",
        "content-length": "56",
        "etag": "W/\"38-4FUF0FaRKmfJx/Y5csu09YQD0dc\""
      }
    }
    [35mresponseTime[39m: 9
[2026-07-16 19:01:24.069 +0300] [32mINFO[39m: [36mrequest completed[39m
    [35mhost[39m: "NIKITA-PC"
    [35mreq[39m: {
      "id": "1916deca-dfa7-42a7-884c-b6a7dc7927f3",
      "method": "POST",
      "url": "/api/v1/groups",
      "query": {},
      "params": {},
      "headers": {
        "host": "localhost:5000",
        "connection": "close",
        "content-length": "44",
        "sec-ch-ua-platform": "\"Windows\"",
        "user-agent": "Mozilla/5.0 (Windows NT 10.0; Win64; x64) AppleWebKit/537.36 (KHTML, like Gecko) Code/1.127.0 Chrome/148.0.7778.97 Electron/42.2.0 Safari/537.36",
        "accept": "application/json, text/plain, */*",
        "sec-ch-ua": "\"Not/A)Brand\";v=\"99\", \"Chromium\";v=\"148\"",
        "content-type": "application/json",
        "sec-ch-ua-mobile": "?0",
        "origin": "http://localhost:3000",
        "sec-fetch-site": "same-origin",
        "sec-fetch-mode": "cors",
        "sec-fetch-dest": "empty",
        "referer": "http://localhost:3000/",
        "accept-encoding": "gzip, deflate, br, zstd",
        "accept-language": "ru",
        "cookie": "token=eyJhbGciOiJIUzI1NiIsInR5cCI6IkpXVCJ9.eyJpZCI6MSwicm9sZSI6ImFkbWluIiwiaWF0IjoxNzg0MjE2MTE3LCJleHAiOjE3ODQzMDI1MTd9.quKcQws2dPGd4yJm8pPTYribZzaFhFydG9ZA2V779sA"
      },
      "remoteAddress": "::ffff:127.0.0.1",
      "remotePort": 61321
    }
    [35mres[39m: {
      "statusCode": 201,
      "headers": {
        "content-security-policy": "default-src 'self';base-uri 'self';font-src 'self' https: data:;form-action 'self';frame-ancestors 'self';img-src 'self' data:;object-src 'none';script-src 'self';script-src-attr 'none';style-src 'self' https: 'unsafe-inline';upgrade-insecure-requests",
        "cross-origin-opener-policy": "same-origin",
        "cross-origin-resource-policy": "same-origin",
        "origin-agent-cluster": "?1",
        "referrer-policy": "no-referrer",
        "strict-transport-security": "max-age=31536000; includeSubDomains",
        "x-content-type-options": "nosniff",
        "x-dns-prefetch-control": "off",
        "x-download-options": "noopen",
        "x-frame-options": "SAMEORIGIN",
        "x-permitted-cross-domain-policies": "none",
        "x-xss-protection": "0",
        "access-control-allow-origin": "http://localhost:5173",
        "vary": "Origin",
        "access-control-allow-credentials": "true",
        "x-ratelimit-limit": "100",
        "x-ratelimit-remaining": "85",
        "date": "Thu, 16 Jul 2026 16:01:23 GMT",
        "x-ratelimit-reset": "1784218335",
        "content-type": "application/json; charset=utf-8",
        "content-length": "172",
        "etag": "W/\"ac-3fNDmaX6TmRwRnww37h6UCcHGSw\""
      }
    }
    [35mresponseTime[39m: 72
[2026-07-16 19:01:24.082 +0300] [32mINFO[39m: [36mrequest completed[39m
    [35mhost[39m: "NIKITA-PC"
    [35mreq[39m: {
      "id": "1302137c-04a5-4843-b08d-30960a050c2b",
      "method": "GET",
      "url": "/api/v1/groups?page=1&limit=15",
      "query": {
        "page": "1",
        "limit": "15"
      },
      "params": {},
      "headers": {
        "host": "localhost:5000",
        "connection": "close",
        "sec-ch-ua-platform": "\"Windows\"",
        "user-agent": "Mozilla/5.0 (Windows NT 10.0; Win64; x64) AppleWebKit/537.36 (KHTML, like Gecko) Code/1.127.0 Chrome/148.0.7778.97 Electron/42.2.0 Safari/537.36",
        "accept": "application/json, text/plain, */*",
        "sec-ch-ua": "\"Not/A)Brand\";v=\"99\", \"Chromium\";v=\"148\"",
        "sec-ch-ua-mobile": "?0",
        "sec-fetch-site": "same-origin",
        "sec-fetch-mode": "cors",
        "sec-fetch-dest": "empty",
        "referer": "http://localhost:3000/",
        "accept-encoding": "gzip, deflate, br, zstd",
        "accept-language": "ru",
        "cookie": "token=eyJhbGciOiJIUzI1NiIsInR5cCI6IkpXVCJ9.eyJpZCI6MSwicm9sZSI6ImFkbWluIiwiaWF0IjoxNzg0MjE2MTE3LCJleHAiOjE3ODQzMDI1MTd9.quKcQws2dPGd4yJm8pPTYribZzaFhFydG9ZA2V779sA",
        "if-none-match": "W/\"38-4FUF0FaRKmfJx/Y5csu09YQD0dc\""
      },
      "remoteAddress": "::ffff:127.0.0.1",
      "remotePort": 61324
    }
    [35mres[39m: {
      "statusCode": 200,
      "headers": {
        "content-security-policy": "default-src 'self';base-uri 'self';font-src 'self' https: data:;form-action 'self';frame-ancestors 'self';img-src 'self' data:;object-src 'none';script-src 'self';script-src-attr 'none';style-src 'self' https: 'unsafe-inline';upgrade-insecure-requests",
        "cross-origin-opener-policy": "same-origin",
        "cross-origin-resource-policy": "same-origin",
        "origin-agent-cluster": "?1",
        "referrer-policy": "no-referrer",
        "strict-transport-security": "max-age=31536000; includeSubDomains",
        "x-content-type-options": "nosniff",
        "x-dns-prefetch-control": "off",
        "x-download-options": "noopen",
        "x-frame-options": "SAMEORIGIN",
        "x-permitted-cross-domain-policies": "none",
        "x-xss-protection": "0",
        "access-control-allow-origin": "http://localhost:5173",
        "vary": "Origin",
        "access-control-allow-credentials": "true",
        "x-ratelimit-limit": "100",
        "x-ratelimit-remaining": "84",
        "date": "Thu, 16 Jul 2026 16:01:24 GMT",
        "x-ratelimit-reset": "1784218335",
        "content-type": "application/json; charset=utf-8",
        "content-length": "228",
        "etag": "W/\"e4-V6rT+6l3oHRWaN+zrpovy/C74l8\""
      }
    }
    [35mresponseTime[39m: 8
[2026-07-16 19:01:27.663 +0300] [32mINFO[39m: [36mrequest completed[39m
    [35mhost[39m: "NIKITA-PC"
    [35mreq[39m: {
      "id": "7ea3f32c-8d48-42e7-872f-a08fdcb46e73",
      "method": "GET",
      "url": "/api/v1/groups",
      "query": {},
      "params": {},
      "headers": {
        "host": "localhost:5000",
        "connection": "close",
        "sec-ch-ua-platform": "\"Windows\"",
        "user-agent": "Mozilla/5.0 (Windows NT 10.0; Win64; x64) AppleWebKit/537.36 (KHTML, like Gecko) Code/1.127.0 Chrome/148.0.7778.97 Electron/42.2.0 Safari/537.36",
        "accept": "application/json, text/plain, */*",
        "sec-ch-ua": "\"Not/A)Brand\";v=\"99\", \"Chromium\";v=\"148\"",
        "sec-ch-ua-mobile": "?0",
        "sec-fetch-site": "same-origin",
        "sec-fetch-mode": "cors",
        "sec-fetch-dest": "empty",
        "referer": "http://localhost:3000/",
        "accept-encoding": "gzip, deflate, br, zstd",
        "accept-language": "ru",
        "cookie": "token=eyJhbGciOiJIUzI1NiIsInR5cCI6IkpXVCJ9.eyJpZCI6MSwicm9sZSI6ImFkbWluIiwiaWF0IjoxNzg0MjE2MTE3LCJleHAiOjE3ODQzMDI1MTd9.quKcQws2dPGd4yJm8pPTYribZzaFhFydG9ZA2V779sA"
      },
      "remoteAddress": "::ffff:127.0.0.1",
      "remotePort": 61331
    }
    [35mres[39m: {
      "statusCode": 200,
      "headers": {
        "content-security-policy": "default-src 'self';base-uri 'self';font-src 'self' https: data:;form-action 'self';frame-ancestors 'self';img-src 'self' data:;object-src 'none';script-src 'self';script-src-attr 'none';style-src 'self' https: 'unsafe-inline';upgrade-insecure-requests",
        "cross-origin-opener-policy": "same-origin",
        "cross-origin-resource-policy": "same-origin",
        "origin-agent-cluster": "?1",
        "referrer-policy": "no-referrer",
        "strict-transport-security": "max-age=31536000; includeSubDomains",
        "x-content-type-options": "nosniff",
        "x-dns-prefetch-control": "off",
        "x-download-options": "noopen",
        "x-frame-options": "SAMEORIGIN",
        "x-permitted-cross-domain-policies": "none",
        "x-xss-protection": "0",
        "access-control-allow-origin": "http://localhost:5173",
        "vary": "Origin",
        "access-control-allow-credentials": "true",
        "x-ratelimit-limit": "100",
        "x-ratelimit-remaining": "83",
        "date": "Thu, 16 Jul 2026 16:01:27 GMT",
        "x-ratelimit-reset": "1784218335",
        "content-type": "application/json; charset=utf-8",
        "content-length": "228",
        "etag": "W/\"e4-V6rT+6l3oHRWaN+zrpovy/C74l8\""
      }
    }
    [35mresponseTime[39m: 24
[2026-07-16 19:01:27.665 +0300] [32mINFO[39m: [36mrequest completed[39m
    [35mhost[39m: "NIKITA-PC"
    [35mreq[39m: {
      "id": "175eae63-1cf0-4642-aa11-1a2480856248",
      "method": "GET",
      "url": "/api/v1/recipients?page=1&limit=15",
      "query": {
        "page": "1",
        "limit": "15"
      },
      "params": {},
      "headers": {
        "host": "localhost:5000",
        "connection": "close",
        "sec-ch-ua-platform": "\"Windows\"",
        "user-agent": "Mozilla/5.0 (Windows NT 10.0; Win64; x64) AppleWebKit/537.36 (KHTML, like Gecko) Code/1.127.0 Chrome/148.0.7778.97 Electron/42.2.0 Safari/537.36",
        "accept": "application/json, text/plain, */*",
        "sec-ch-ua": "\"Not/A)Brand\";v=\"99\", \"Chromium\";v=\"148\"",
        "sec-ch-ua-mobile": "?0",
        "sec-fetch-site": "same-origin",
        "sec-fetch-mode": "cors",
        "sec-fetch-dest": "empty",
        "referer": "http://localhost:3000/",
        "accept-encoding": "gzip, deflate, br, zstd",
        "accept-language": "ru",
        "cookie": "token=eyJhbGciOiJIUzI1NiIsInR5cCI6IkpXVCJ9.eyJpZCI6MSwicm9sZSI6ImFkbWluIiwiaWF0IjoxNzg0MjE2MTE3LCJleHAiOjE3ODQzMDI1MTd9.quKcQws2dPGd4yJm8pPTYribZzaFhFydG9ZA2V779sA",
        "if-none-match": "W/\"89e3-Bz0RGqjN6NvcsJdJq9fCdKW5bbU\""
      },
      "remoteAddress": "::ffff:127.0.0.1",
      "remotePort": 61332
    }
    [35mres[39m: {
      "statusCode": 200,
      "headers": {
        "content-security-policy": "default-src 'self';base-uri 'self';font-src 'self' https: data:;form-action 'self';frame-ancestors 'self';img-src 'self' data:;object-src 'none';script-src 'self';script-src-attr 'none';style-src 'self' https: 'unsafe-inline';upgrade-insecure-requests",
        "cross-origin-opener-policy": "same-origin",
        "cross-origin-resource-policy": "same-origin",
        "origin-agent-cluster": "?1",
        "referrer-policy": "no-referrer",
        "strict-transport-security": "max-age=31536000; includeSubDomains",
        "x-content-type-options": "nosniff",
        "x-dns-prefetch-control": "off",
        "x-download-options": "noopen",
        "x-frame-options": "SAMEORIGIN",
        "x-permitted-cross-domain-policies": "none",
        "x-xss-protection": "0",
        "access-control-allow-origin": "http://localhost:5173",
        "vary": "Origin",
        "access-control-allow-credentials": "true",
        "x-ratelimit-limit": "100",
        "x-ratelimit-remaining": "82",
        "date": "Thu, 16 Jul 2026 16:01:27 GMT",
        "x-ratelimit-reset": "1784218335",
        "content-type": "application/json; charset=utf-8",
        "content-length": "35095",
        "etag": "W/\"8917-xfwoZiqE5XfMGoGPpozXGvxlGCM\""
      }
    }
    [35mresponseTime[39m: 23
[2026-07-16 19:01:29.409 +0300] [32mINFO[39m: [36mrequest completed[39m
    [35mhost[39m: "NIKITA-PC"
    [35mreq[39m: {
      "id": "8579a2a9-4caf-4d6c-871f-e9e5168cf577",
      "method": "GET",
      "url": "/api/v1/recipients/12",
      "query": {},
      "params": {},
      "headers": {
        "host": "localhost:5000",
        "connection": "close",
        "sec-ch-ua-platform": "\"Windows\"",
        "user-agent": "Mozilla/5.0 (Windows NT 10.0; Win64; x64) AppleWebKit/537.36 (KHTML, like Gecko) Code/1.127.0 Chrome/148.0.7778.97 Electron/42.2.0 Safari/537.36",
        "accept": "application/json, text/plain, */*",
        "sec-ch-ua": "\"Not/A)Brand\";v=\"99\", \"Chromium\";v=\"148\"",
        "sec-ch-ua-mobile": "?0",
        "sec-fetch-site": "same-origin",
        "sec-fetch-mode": "cors",
        "sec-fetch-dest": "empty",
        "referer": "http://localhost:3000/",
        "accept-encoding": "gzip, deflate, br, zstd",
        "accept-language": "ru",
        "cookie": "token=eyJhbGciOiJIUzI1NiIsInR5cCI6IkpXVCJ9.eyJpZCI6MSwicm9sZSI6ImFkbWluIiwiaWF0IjoxNzg0MjE2MTE3LCJleHAiOjE3ODQzMDI1MTd9.quKcQws2dPGd4yJm8pPTYribZzaFhFydG9ZA2V779sA"
      },
      "remoteAddress": "::ffff:127.0.0.1",
      "remotePort": 61338
    }
    [35mres[39m: {
      "statusCode": 200,
      "headers": {
        "content-security-policy": "default-src 'self';base-uri 'self';font-src 'self' https: data:;form-action 'self';frame-ancestors 'self';img-src 'self' data:;object-src 'none';script-src 'self';script-src-attr 'none';style-src 'self' https: 'unsafe-inline';upgrade-insecure-requests",
        "cross-origin-opener-policy": "same-origin",
        "cross-origin-resource-policy": "same-origin",
        "origin-agent-cluster": "?1",
        "referrer-policy": "no-referrer",
        "strict-transport-security": "max-age=31536000; includeSubDomains",
        "x-content-type-options": "nosniff",
        "x-dns-prefetch-control": "off",
        "x-download-options": "noopen",
        "x-frame-options": "SAMEORIGIN",
        "x-permitted-cross-domain-policies": "none",
        "x-xss-protection": "0",
        "access-control-allow-origin": "http://localhost:5173",
        "vary": "Origin",
        "access-control-allow-credentials": "true",
        "x-ratelimit-limit": "100",
        "x-ratelimit-remaining": "81",
        "date": "Thu, 16 Jul 2026 16:01:29 GMT",
        "x-ratelimit-reset": "1784218335",
        "content-type": "application/json; charset=utf-8",
        "content-length": "1508",
        "etag": "W/\"5e4-veeWRh+kLCIJtjSUcmcHa//20cw\""
      }
    }
    [35mresponseTime[39m: 17
[2026-07-16 19:01:31.648 +0300] [32mINFO[39m: [36mrequest completed[39m
    [35mhost[39m: "NIKITA-PC"
    [35mreq[39m: {
      "id": "97d3b8a6-0beb-4a85-8fa8-38eb427d07c9",
      "method": "GET",
      "url": "/api/v1/diagnostics?recipientId=10&limit=100",
      "query": {
        "recipientId": "10",
        "limit": "100"
      },
      "params": {},
      "headers": {
        "host": "localhost:5000",
        "connection": "close",
        "sec-ch-ua-platform": "\"Windows\"",
        "user-agent": "Mozilla/5.0 (Windows NT 10.0; Win64; x64) AppleWebKit/537.36 (KHTML, like Gecko) Code/1.127.0 Chrome/148.0.7778.97 Electron/42.2.0 Safari/537.36",
        "accept": "application/json, text/plain, */*",
        "sec-ch-ua": "\"Not/A)Brand\";v=\"99\", \"Chromium\";v=\"148\"",
        "sec-ch-ua-mobile": "?0",
        "sec-fetch-site": "same-origin",
        "sec-fetch-mode": "cors",
        "sec-fetch-dest": "empty",
        "referer": "http://localhost:3000/",
        "accept-encoding": "gzip, deflate, br, zstd",
        "accept-language": "ru",
        "cookie": "token=eyJhbGciOiJIUzI1NiIsInR5cCI6IkpXVCJ9.eyJpZCI6MSwicm9sZSI6ImFkbWluIiwiaWF0IjoxNzg0MjE2MTE3LCJleHAiOjE3ODQzMDI1MTd9.quKcQws2dPGd4yJm8pPTYribZzaFhFydG9ZA2V779sA",
        "if-none-match": "W/\"39-XkVbnacRJJ9vqoaJ5iEHWYVpnLE\""
      },
      "remoteAddress": "::ffff:127.0.0.1",
      "remotePort": 61344
    }
    [35mres[39m: {
      "statusCode": 304,
      "headers": {
        "content-security-policy": "default-src 'self';base-uri 'self';font-src 'self' https: data:;form-action 'self';frame-ancestors 'self';img-src 'self' data:;object-src 'none';script-src 'self';script-src-attr 'none';style-src 'self' https: 'unsafe-inline';upgrade-insecure-requests",
        "cross-origin-opener-policy": "same-origin",
        "cross-origin-resource-policy": "same-origin",
        "origin-agent-cluster": "?1",
        "referrer-policy": "no-referrer",
        "strict-transport-security": "max-age=31536000; includeSubDomains",
        "x-content-type-options": "nosniff",
        "x-dns-prefetch-control": "off",
        "x-download-options": "noopen",
        "x-frame-options": "SAMEORIGIN",
        "x-permitted-cross-domain-policies": "none",
        "x-xss-protection": "0",
        "access-control-allow-origin": "http://localhost:5173",
        "vary": "Origin",
        "access-control-allow-credentials": "true",
        "x-ratelimit-limit": "100",
        "x-ratelimit-remaining": "80",
        "date": "Thu, 16 Jul 2026 16:01:31 GMT",
        "x-ratelimit-reset": "1784218335",
        "etag": "W/\"39-XkVbnacRJJ9vqoaJ5iEHWYVpnLE\""
      }
    }
    [35mresponseTime[39m: 35
[2026-07-16 19:01:31.656 +0300] [32mINFO[39m: [36mrequest completed[39m
    [35mhost[39m: "NIKITA-PC"
    [35mreq[39m: {
      "id": "0e819015-2501-4a1d-96b2-31c05f81d261",
      "method": "GET",
      "url": "/api/v1/lists/directions",
      "query": {},
      "params": {},
      "headers": {
        "host": "localhost:5000",
        "connection": "close",
        "sec-ch-ua-platform": "\"Windows\"",
        "user-agent": "Mozilla/5.0 (Windows NT 10.0; Win64; x64) AppleWebKit/537.36 (KHTML, like Gecko) Code/1.127.0 Chrome/148.0.7778.97 Electron/42.2.0 Safari/537.36",
        "accept": "application/json, text/plain, */*",
        "sec-ch-ua": "\"Not/A)Brand\";v=\"99\", \"Chromium\";v=\"148\"",
        "sec-ch-ua-mobile": "?0",
        "sec-fetch-site": "same-origin",
        "sec-fetch-mode": "cors",
        "sec-fetch-dest": "empty",
        "referer": "http://localhost:3000/",
        "accept-encoding": "gzip, deflate, br, zstd",
        "accept-language": "ru",
        "cookie": "token=eyJhbGciOiJIUzI1NiIsInR5cCI6IkpXVCJ9.eyJpZCI6MSwicm9sZSI6ImFkbWluIiwiaWF0IjoxNzg0MjE2MTE3LCJleHAiOjE3ODQzMDI1MTd9.quKcQws2dPGd4yJm8pPTYribZzaFhFydG9ZA2V779sA",
        "if-none-match": "W/\"219-ztr0J+E3zf98evXaUGHQF2g79GY\""
      },
      "remoteAddress": "::ffff:127.0.0.1",
      "remotePort": 61353
    }
    [35mres[39m: {
      "statusCode": 304,
      "headers": {
        "content-security-policy": "default-src 'self';base-uri 'self';font-src 'self' https: data:;form-action 'self';frame-ancestors 'self';img-src 'self' data:;object-src 'none';script-src 'self';script-src-attr 'none';style-src 'self' https: 'unsafe-inline';upgrade-insecure-requests",
        "cross-origin-opener-policy": "same-origin",
        "cross-origin-resource-policy": "same-origin",
        "origin-agent-cluster": "?1",
        "referrer-policy": "no-referrer",
        "strict-transport-security": "max-age=31536000; includeSubDomains",
        "x-content-type-options": "nosniff",
        "x-dns-prefetch-control": "off",
        "x-download-options": "noopen",
        "x-frame-options": "SAMEORIGIN",
        "x-permitted-cross-domain-policies": "none",
        "x-xss-protection": "0",
        "access-control-allow-origin": "http://localhost:5173",
        "vary": "Origin",
        "access-control-allow-credentials": "true",
        "x-ratelimit-limit": "100",
        "x-ratelimit-remaining": "77",
        "date": "Thu, 16 Jul 2026 16:01:31 GMT",
        "x-ratelimit-reset": "1784218335",
        "etag": "W/\"219-ztr0J+E3zf98evXaUGHQF2g79GY\""
      }
    }
    [35mresponseTime[39m: 35
[2026-07-16 19:01:31.657 +0300] [32mINFO[39m: [36mrequest completed[39m
    [35mhost[39m: "NIKITA-PC"
    [35mreq[39m: {
      "id": "82a495c2-f68e-4c4d-a3ad-2e1293890ffd",
      "method": "GET",
      "url": "/api/v1/lists/curators",
      "query": {},
      "params": {},
      "headers": {
        "host": "localhost:5000",
        "connection": "close",
        "sec-ch-ua-platform": "\"Windows\"",
        "user-agent": "Mozilla/5.0 (Windows NT 10.0; Win64; x64) AppleWebKit/537.36 (KHTML, like Gecko) Code/1.127.0 Chrome/148.0.7778.97 Electron/42.2.0 Safari/537.36",
        "accept": "application/json, text/plain, */*",
        "sec-ch-ua": "\"Not/A)Brand\";v=\"99\", \"Chromium\";v=\"148\"",
        "sec-ch-ua-mobile": "?0",
        "sec-fetch-site": "same-origin",
        "sec-fetch-mode": "cors",
        "sec-fetch-dest": "empty",
        "referer": "http://localhost:3000/",
        "accept-encoding": "gzip, deflate, br, zstd",
        "accept-language": "ru",
        "cookie": "token=eyJhbGciOiJIUzI1NiIsInR5cCI6IkpXVCJ9.eyJpZCI6MSwicm9sZSI6ImFkbWluIiwiaWF0IjoxNzg0MjE2MTE3LCJleHAiOjE3ODQzMDI1MTd9.quKcQws2dPGd4yJm8pPTYribZzaFhFydG9ZA2V779sA",
        "if-none-match": "W/\"64-WgMUW9D+GNNE/hZkX5/K6FobkIU\""
      },
      "remoteAddress": "::ffff:127.0.0.1",
      "remotePort": 61354
    }
    [35mres[39m: {
      "statusCode": 304,
      "headers": {
        "content-security-policy": "default-src 'self';base-uri 'self';font-src 'self' https: data:;form-action 'self';frame-ancestors 'self';img-src 'self' data:;object-src 'none';script-src 'self';script-src-attr 'none';style-src 'self' https: 'unsafe-inline';upgrade-insecure-requests",
        "cross-origin-opener-policy": "same-origin",
        "cross-origin-resource-policy": "same-origin",
        "origin-agent-cluster": "?1",
        "referrer-policy": "no-referrer",
        "strict-transport-security": "max-age=31536000; includeSubDomains",
        "x-content-type-options": "nosniff",
        "x-dns-prefetch-control": "off",
        "x-download-options": "noopen",
        "x-frame-options": "SAMEORIGIN",
        "x-permitted-cross-domain-policies": "none",
        "x-xss-protection": "0",
        "access-control-allow-origin": "http://localhost:5173",
        "vary": "Origin",
        "access-control-allow-credentials": "true",
        "x-ratelimit-limit": "100",
        "x-ratelimit-remaining": "76",
        "date": "Thu, 16 Jul 2026 16:01:31 GMT",
        "x-ratelimit-reset": "1784218335",
        "etag": "W/\"64-WgMUW9D+GNNE/hZkX5/K6FobkIU\""
      }
    }
    [35mresponseTime[39m: 12
[2026-07-16 19:01:31.660 +0300] [32mINFO[39m: [36mrequest completed[39m
    [35mhost[39m: "NIKITA-PC"
    [35mreq[39m: {
      "id": "02bd2ec7-1e60-43fc-a0ec-696a4d417d1a",
      "method": "GET",
      "url": "/api/v1/recipients?page=1&limit=500",
      "query": {
        "page": "1",
        "limit": "500"
      },
      "params": {},
      "headers": {
        "host": "localhost:5000",
        "connection": "close",
        "sec-ch-ua-platform": "\"Windows\"",
        "user-agent": "Mozilla/5.0 (Windows NT 10.0; Win64; x64) AppleWebKit/537.36 (KHTML, like Gecko) Code/1.127.0 Chrome/148.0.7778.97 Electron/42.2.0 Safari/537.36",
        "accept": "application/json, text/plain, */*",
        "sec-ch-ua": "\"Not/A)Brand\";v=\"99\", \"Chromium\";v=\"148\"",
        "sec-ch-ua-mobile": "?0",
        "sec-fetch-site": "same-origin",
        "sec-fetch-mode": "cors",
        "sec-fetch-dest": "empty",
        "referer": "http://localhost:3000/",
        "accept-encoding": "gzip, deflate, br, zstd",
        "accept-language": "ru",
        "cookie": "token=eyJhbGciOiJIUzI1NiIsInR5cCI6IkpXVCJ9.eyJpZCI6MSwicm9sZSI6ImFkbWluIiwiaWF0IjoxNzg0MjE2MTE3LCJleHAiOjE3ODQzMDI1MTd9.quKcQws2dPGd4yJm8pPTYribZzaFhFydG9ZA2V779sA",
        "if-none-match": "W/\"89e4-CcYsi1eVj3Papk21EeOp5ACQ3s4\""
      },
      "remoteAddress": "::ffff:127.0.0.1",
      "remotePort": 61352
    }
    [35mres[39m: {
      "statusCode": 200,
      "headers": {
        "content-security-policy": "default-src 'self';base-uri 'self';font-src 'self' https: data:;form-action 'self';frame-ancestors 'self';img-src 'self' data:;object-src 'none';script-src 'self';script-src-attr 'none';style-src 'self' https: 'unsafe-inline';upgrade-insecure-requests",
        "cross-origin-opener-policy": "same-origin",
        "cross-origin-resource-policy": "same-origin",
        "origin-agent-cluster": "?1",
        "referrer-policy": "no-referrer",
        "strict-transport-security": "max-age=31536000; includeSubDomains",
        "x-content-type-options": "nosniff",
        "x-dns-prefetch-control": "off",
        "x-download-options": "noopen",
        "x-frame-options": "SAMEORIGIN",
        "x-permitted-cross-domain-policies": "none",
        "x-xss-protection": "0",
        "access-control-allow-origin": "http://localhost:5173",
        "vary": "Origin",
        "access-control-allow-credentials": "true",
        "x-ratelimit-limit": "100",
        "x-ratelimit-remaining": "78",
        "date": "Thu, 16 Jul 2026 16:01:31 GMT",
        "x-ratelimit-reset": "1784218335",
        "content-type": "application/json; charset=utf-8",
        "content-length": "35096",
        "etag": "W/\"8918-BvVBBRlAbEyZB1BFKWnPEsU8l6k\""
      }
    }
    [35mresponseTime[39m: 42
[2026-07-16 19:01:31.661 +0300] [32mINFO[39m: [36mrequest completed[39m
    [35mhost[39m: "NIKITA-PC"
    [35mreq[39m: {
      "id": "31685429-eb42-4929-9acd-b0193defe2c1",
      "method": "GET",
      "url": "/api/v1/recipients?limit=300",
      "query": {
        "limit": "300"
      },
      "params": {},
      "headers": {
        "host": "localhost:5000",
        "connection": "close",
        "sec-ch-ua-platform": "\"Windows\"",
        "user-agent": "Mozilla/5.0 (Windows NT 10.0; Win64; x64) AppleWebKit/537.36 (KHTML, like Gecko) Code/1.127.0 Chrome/148.0.7778.97 Electron/42.2.0 Safari/537.36",
        "accept": "application/json, text/plain, */*",
        "sec-ch-ua": "\"Not/A)Brand\";v=\"99\", \"Chromium\";v=\"148\"",
        "sec-ch-ua-mobile": "?0",
        "sec-fetch-site": "same-origin",
        "sec-fetch-mode": "cors",
        "sec-fetch-dest": "empty",
        "referer": "http://localhost:3000/",
        "accept-encoding": "gzip, deflate, br, zstd",
        "accept-language": "ru",
        "cookie": "token=eyJhbGciOiJIUzI1NiIsInR5cCI6IkpXVCJ9.eyJpZCI6MSwicm9sZSI6ImFkbWluIiwiaWF0IjoxNzg0MjE2MTE3LCJleHAiOjE3ODQzMDI1MTd9.quKcQws2dPGd4yJm8pPTYribZzaFhFydG9ZA2V779sA",
        "if-none-match": "W/\"8918-VuC0x1XOV+LE57zPmf2dg+Ktg7U\""
      },
      "remoteAddress": "::ffff:127.0.0.1",
      "remotePort": 61345
    }
    [35mres[39m: {
      "statusCode": 304,
      "headers": {
        "content-security-policy": "default-src 'self';base-uri 'self';font-src 'self' https: data:;form-action 'self';frame-ancestors 'self';img-src 'self' data:;object-src 'none';script-src 'self';script-src-attr 'none';style-src 'self' https: 'unsafe-inline';upgrade-insecure-requests",
        "cross-origin-opener-policy": "same-origin",
        "cross-origin-resource-policy": "same-origin",
        "origin-agent-cluster": "?1",
        "referrer-policy": "no-referrer",
        "strict-transport-security": "max-age=31536000; includeSubDomains",
        "x-content-type-options": "nosniff",
        "x-dns-prefetch-control": "off",
        "x-download-options": "noopen",
        "x-frame-options": "SAMEORIGIN",
        "x-permitted-cross-domain-policies": "none",
        "x-xss-protection": "0",
        "access-control-allow-origin": "http://localhost:5173",
        "vary": "Origin",
        "access-control-allow-credentials": "true",
        "x-ratelimit-limit": "100",
        "x-ratelimit-remaining": "79",
        "date": "Thu, 16 Jul 2026 16:01:31 GMT",
        "x-ratelimit-reset": "1784218335",
        "etag": "W/\"8918-VuC0x1XOV+LE57zPmf2dg+Ktg7U\""
      }
    }
    [35mresponseTime[39m: 45
[2026-07-16 19:01:31.681 +0300] [32mINFO[39m: [36mrequest completed[39m
    [35mhost[39m: "NIKITA-PC"
    [35mreq[39m: {
      "id": "89f9871d-c413-457d-9307-1f01800b0063",
      "method": "GET",
      "url": "/api/v1/diagnostics?recipientId=10&limit=100",
      "query": {
        "recipientId": "10",
        "limit": "100"
      },
      "params": {},
      "headers": {
        "host": "localhost:5000",
        "connection": "close",
        "sec-ch-ua-platform": "\"Windows\"",
        "user-agent": "Mozilla/5.0 (Windows NT 10.0; Win64; x64) AppleWebKit/537.36 (KHTML, like Gecko) Code/1.127.0 Chrome/148.0.7778.97 Electron/42.2.0 Safari/537.36",
        "accept": "application/json, text/plain, */*",
        "sec-ch-ua": "\"Not/A)Brand\";v=\"99\", \"Chromium\";v=\"148\"",
        "sec-ch-ua-mobile": "?0",
        "sec-fetch-site": "same-origin",
        "sec-fetch-mode": "cors",
        "sec-fetch-dest": "empty",
        "referer": "http://localhost:3000/",
        "accept-encoding": "gzip, deflate, br, zstd",
        "accept-language": "ru",
        "cookie": "token=eyJhbGciOiJIUzI1NiIsInR5cCI6IkpXVCJ9.eyJpZCI6MSwicm9sZSI6ImFkbWluIiwiaWF0IjoxNzg0MjE2MTE3LCJleHAiOjE3ODQzMDI1MTd9.quKcQws2dPGd4yJm8pPTYribZzaFhFydG9ZA2V779sA",
        "if-none-match": "W/\"39-XkVbnacRJJ9vqoaJ5iEHWYVpnLE\""
      },
      "remoteAddress": "::ffff:127.0.0.1",
      "remotePort": 61359
    }
    [35mres[39m: {
      "statusCode": 304,
      "headers": {
        "content-security-policy": "default-src 'self';base-uri 'self';font-src 'self' https: data:;form-action 'self';frame-ancestors 'self';img-src 'self' data:;object-src 'none';script-src 'self';script-src-attr 'none';style-src 'self' https: 'unsafe-inline';upgrade-insecure-requests",
        "cross-origin-opener-policy": "same-origin",
        "cross-origin-resource-policy": "same-origin",
        "origin-agent-cluster": "?1",
        "referrer-policy": "no-referrer",
        "strict-transport-security": "max-age=31536000; includeSubDomains",
        "x-content-type-options": "nosniff",
        "x-dns-prefetch-control": "off",
        "x-download-options": "noopen",
        "x-frame-options": "SAMEORIGIN",
        "x-permitted-cross-domain-policies": "none",
        "x-xss-protection": "0",
        "access-control-allow-origin": "http://localhost:5173",
        "vary": "Origin",
        "access-control-allow-credentials": "true",
        "x-ratelimit-limit": "100",
        "x-ratelimit-remaining": "75",
        "date": "Thu, 16 Jul 2026 16:01:31 GMT",
        "x-ratelimit-reset": "1784218335",
        "etag": "W/\"39-XkVbnacRJJ9vqoaJ5iEHWYVpnLE\""
      }
    }
    [35mresponseTime[39m: 12
[2026-07-16 19:01:38.268 +0300] [32mINFO[39m: [36mrequest completed[39m
    [35mhost[39m: "NIKITA-PC"
    [35mreq[39m: {
      "id": "6dcc299f-d937-4c32-848b-0b4ccd25d111",
      "method": "GET",
      "url": "/api/v1/diagnostics?recipientId=12&limit=100",
      "query": {
        "recipientId": "12",
        "limit": "100"
      },
      "params": {},
      "headers": {
        "host": "localhost:5000",
        "connection": "close",
        "sec-ch-ua-platform": "\"Windows\"",
        "user-agent": "Mozilla/5.0 (Windows NT 10.0; Win64; x64) AppleWebKit/537.36 (KHTML, like Gecko) Code/1.127.0 Chrome/148.0.7778.97 Electron/42.2.0 Safari/537.36",
        "accept": "application/json, text/plain, */*",
        "sec-ch-ua": "\"Not/A)Brand\";v=\"99\", \"Chromium\";v=\"148\"",
        "sec-ch-ua-mobile": "?0",
        "sec-fetch-site": "same-origin",
        "sec-fetch-mode": "cors",
        "sec-fetch-dest": "empty",
        "referer": "http://localhost:3000/",
        "accept-encoding": "gzip, deflate, br, zstd",
        "accept-language": "ru",
        "cookie": "token=eyJhbGciOiJIUzI1NiIsInR5cCI6IkpXVCJ9.eyJpZCI6MSwicm9sZSI6ImFkbWluIiwiaWF0IjoxNzg0MjE2MTE3LCJleHAiOjE3ODQzMDI1MTd9.quKcQws2dPGd4yJm8pPTYribZzaFhFydG9ZA2V779sA",
        "if-none-match": "W/\"39-XkVbnacRJJ9vqoaJ5iEHWYVpnLE\""
      },
      "remoteAddress": "::ffff:127.0.0.1",
      "remotePort": 61366
    }
    [35mres[39m: {
      "statusCode": 304,
      "headers": {
        "content-security-policy": "default-src 'self';base-uri 'self';font-src 'self' https: data:;form-action 'self';frame-ancestors 'self';img-src 'self' data:;object-src 'none';script-src 'self';script-src-attr 'none';style-src 'self' https: 'unsafe-inline';upgrade-insecure-requests",
        "cross-origin-opener-policy": "same-origin",
        "cross-origin-resource-policy": "same-origin",
        "origin-agent-cluster": "?1",
        "referrer-policy": "no-referrer",
        "strict-transport-security": "max-age=31536000; includeSubDomains",
        "x-content-type-options": "nosniff",
        "x-dns-prefetch-control": "off",
        "x-download-options": "noopen",
        "x-frame-options": "SAMEORIGIN",
        "x-permitted-cross-domain-policies": "none",
        "x-xss-protection": "0",
        "access-control-allow-origin": "http://localhost:5173",
        "vary": "Origin",
        "access-control-allow-credentials": "true",
        "x-ratelimit-limit": "100",
        "x-ratelimit-remaining": "74",
        "date": "Thu, 16 Jul 2026 16:01:38 GMT",
        "x-ratelimit-reset": "1784218335",
        "etag": "W/\"39-XkVbnacRJJ9vqoaJ5iEHWYVpnLE\""
      }
    }
    [35mresponseTime[39m: 10
[2026-07-16 19:01:50.757 +0300] [32mINFO[39m: [36mrequest completed[39m
    [35mhost[39m: "NIKITA-PC"
    [35mreq[39m: {
      "id": "d6e5b0c2-270c-4aca-8991-cbe8264ab000",
      "method": "POST",
      "url": "/api/v1/diagnostics",
      "query": {},
      "params": {},
      "headers": {
        "host": "localhost:5000",
        "connection": "close",
        "content-length": "103",
        "sec-ch-ua-platform": "\"Windows\"",
        "user-agent": "Mozilla/5.0 (Windows NT 10.0; Win64; x64) AppleWebKit/537.36 (KHTML, like Gecko) Code/1.127.0 Chrome/148.0.7778.97 Electron/42.2.0 Safari/537.36",
        "accept": "application/json, text/plain, */*",
        "sec-ch-ua": "\"Not/A)Brand\";v=\"99\", \"Chromium\";v=\"148\"",
        "content-type": "application/json",
        "sec-ch-ua-mobile": "?0",
        "origin": "http://localhost:3000",
        "sec-fetch-site": "same-origin",
        "sec-fetch-mode": "cors",
        "sec-fetch-dest": "empty",
        "referer": "http://localhost:3000/",
        "accept-encoding": "gzip, deflate, br, zstd",
        "accept-language": "ru",
        "cookie": "token=eyJhbGciOiJIUzI1NiIsInR5cCI6IkpXVCJ9.eyJpZCI6MSwicm9sZSI6ImFkbWluIiwiaWF0IjoxNzg0MjE2MTE3LCJleHAiOjE3ODQzMDI1MTd9.quKcQws2dPGd4yJm8pPTYribZzaFhFydG9ZA2V779sA"
      },
      "remoteAddress": "::ffff:127.0.0.1",
      "remotePort": 61377
    }
    [35mres[39m: {
      "statusCode": 201,
      "headers": {
        "content-security-policy": "default-src 'self';base-uri 'self';font-src 'self' https: data:;form-action 'self';frame-ancestors 'self';img-src 'self' data:;object-src 'none';script-src 'self';script-src-attr 'none';style-src 'self' https: 'unsafe-inline';upgrade-insecure-requests",
        "cross-origin-opener-policy": "same-origin",
        "cross-origin-resource-policy": "same-origin",
        "origin-agent-cluster": "?1",
        "referrer-policy": "no-referrer",
        "strict-transport-security": "max-age=31536000; includeSubDomains",
        "x-content-type-options": "nosniff",
        "x-dns-prefetch-control": "off",
        "x-download-options": "noopen",
        "x-frame-options": "SAMEORIGIN",
        "x-permitted-cross-domain-policies": "none",
        "x-xss-protection": "0",
        "access-control-allow-origin": "http://localhost:5173",
        "vary": "Origin",
        "access-control-allow-credentials": "true",
        "x-ratelimit-limit": "100",
        "x-ratelimit-remaining": "73",
        "date": "Thu, 16 Jul 2026 16:01:50 GMT",
        "x-ratelimit-reset": "1784218335",
        "content-type": "application/json; charset=utf-8",
        "content-length": "388",
        "etag": "W/\"184-G2/Oc3HuoqD9lu4z6z0oSq5qKd4\""
      }
    }
    [35mresponseTime[39m: 62
[2026-07-16 19:01:50.774 +0300] [32mINFO[39m: [36mrequest completed[39m
    [35mhost[39m: "NIKITA-PC"
    [35mreq[39m: {
      "id": "46691d86-11b1-4476-b960-114a7537e863",
      "method": "GET",
      "url": "/api/v1/diagnostics?recipientId=12&limit=100",
      "query": {
        "recipientId": "12",
        "limit": "100"
      },
      "params": {},
      "headers": {
        "host": "localhost:5000",
        "connection": "close",
        "sec-ch-ua-platform": "\"Windows\"",
        "user-agent": "Mozilla/5.0 (Windows NT 10.0; Win64; x64) AppleWebKit/537.36 (KHTML, like Gecko) Code/1.127.0 Chrome/148.0.7778.97 Electron/42.2.0 Safari/537.36",
        "accept": "application/json, text/plain, */*",
        "sec-ch-ua": "\"Not/A)Brand\";v=\"99\", \"Chromium\";v=\"148\"",
        "sec-ch-ua-mobile": "?0",
        "sec-fetch-site": "same-origin",
        "sec-fetch-mode": "cors",
        "sec-fetch-dest": "empty",
        "referer": "http://localhost:3000/",
        "accept-encoding": "gzip, deflate, br, zstd",
        "accept-language": "ru",
        "cookie": "token=eyJhbGciOiJIUzI1NiIsInR5cCI6IkpXVCJ9.eyJpZCI6MSwicm9sZSI6ImFkbWluIiwiaWF0IjoxNzg0MjE2MTE3LCJleHAiOjE3ODQzMDI1MTd9.quKcQws2dPGd4yJm8pPTYribZzaFhFydG9ZA2V779sA",
        "if-none-match": "W/\"39-XkVbnacRJJ9vqoaJ5iEHWYVpnLE\""
      },
      "remoteAddress": "::ffff:127.0.0.1",
      "remotePort": 61381
    }
    [35mres[39m: {
      "statusCode": 200,
      "headers": {
        "content-security-policy": "default-src 'self';base-uri 'self';font-src 'self' https: data:;form-action 'self';frame-ancestors 'self';img-src 'self' data:;object-src 'none';script-src 'self';script-src-attr 'none';style-src 'self' https: 'unsafe-inline';upgrade-insecure-requests",
        "cross-origin-opener-policy": "same-origin",
        "cross-origin-resource-policy": "same-origin",
        "origin-agent-cluster": "?1",
        "referrer-policy": "no-referrer",
        "strict-transport-security": "max-age=31536000; includeSubDomains",
        "x-content-type-options": "nosniff",
        "x-dns-prefetch-control": "off",
        "x-download-options": "noopen",
        "x-frame-options": "SAMEORIGIN",
        "x-permitted-cross-domain-policies": "none",
        "x-xss-protection": "0",
        "access-control-allow-origin": "http://localhost:5173",
        "vary": "Origin",
        "access-control-allow-credentials": "true",
        "x-ratelimit-limit": "100",
        "x-ratelimit-remaining": "72",
        "date": "Thu, 16 Jul 2026 16:01:50 GMT",
        "x-ratelimit-reset": "1784218335",
        "content-type": "application/json; charset=utf-8",
        "content-length": "445",
        "etag": "W/\"1bd-vVt+x9Mk5Zuz60/yUijd9K3FN6k\""
      }
    }
    [35mresponseTime[39m: 12
[2026-07-16 19:01:52.584 +0300] [32mINFO[39m: [36mrequest completed[39m
    [35mhost[39m: "NIKITA-PC"
    [35mreq[39m: {
      "id": "dbcb6262-d0e7-48b7-90f7-699dbb33f579",
      "method": "GET",
      "url": "/api/v1/groups",
      "query": {},
      "params": {},
      "headers": {
        "host": "localhost:5000",
        "connection": "close",
        "sec-ch-ua-platform": "\"Windows\"",
        "user-agent": "Mozilla/5.0 (Windows NT 10.0; Win64; x64) AppleWebKit/537.36 (KHTML, like Gecko) Code/1.127.0 Chrome/148.0.7778.97 Electron/42.2.0 Safari/537.36",
        "accept": "application/json, text/plain, */*",
        "sec-ch-ua": "\"Not/A)Brand\";v=\"99\", \"Chromium\";v=\"148\"",
        "sec-ch-ua-mobile": "?0",
        "sec-fetch-site": "same-origin",
        "sec-fetch-mode": "cors",
        "sec-fetch-dest": "empty",
        "referer": "http://localhost:3000/",
        "accept-encoding": "gzip, deflate, br, zstd",
        "accept-language": "ru",
        "cookie": "token=eyJhbGciOiJIUzI1NiIsInR5cCI6IkpXVCJ9.eyJpZCI6MSwicm9sZSI6ImFkbWluIiwiaWF0IjoxNzg0MjE2MTE3LCJleHAiOjE3ODQzMDI1MTd9.quKcQws2dPGd4yJm8pPTYribZzaFhFydG9ZA2V779sA",
        "if-none-match": "W/\"e4-V6rT+6l3oHRWaN+zrpovy/C74l8\""
      },
      "remoteAddress": "::ffff:127.0.0.1",
      "remotePort": 61389
    }
    [35mres[39m: {
      "statusCode": 304,
      "headers": {
        "content-security-policy": "default-src 'self';base-uri 'self';font-src 'self' https: data:;form-action 'self';frame-ancestors 'self';img-src 'self' data:;object-src 'none';script-src 'self';script-src-attr 'none';style-src 'self' https: 'unsafe-inline';upgrade-insecure-requests",
        "cross-origin-opener-policy": "same-origin",
        "cross-origin-resource-policy": "same-origin",
        "origin-agent-cluster": "?1",
        "referrer-policy": "no-referrer",
        "strict-transport-security": "max-age=31536000; includeSubDomains",
        "x-content-type-options": "nosniff",
        "x-dns-prefetch-control": "off",
        "x-download-options": "noopen",
        "x-frame-options": "SAMEORIGIN",
        "x-permitted-cross-domain-policies": "none",
        "x-xss-protection": "0",
        "access-control-allow-origin": "http://localhost:5173",
        "vary": "Origin",
        "access-control-allow-credentials": "true",
        "x-ratelimit-limit": "100",
        "x-ratelimit-remaining": "70",
        "date": "Thu, 16 Jul 2026 16:01:52 GMT",
        "x-ratelimit-reset": "1784218335",
        "etag": "W/\"e4-V6rT+6l3oHRWaN+zrpovy/C74l8\""
      }
    }
    [35mresponseTime[39m: 20
[2026-07-16 19:01:52.585 +0300] [32mINFO[39m: [36mrequest completed[39m
    [35mhost[39m: "NIKITA-PC"
    [35mreq[39m: {
      "id": "2871c651-df0b-43eb-b8e6-cab91a11afdc",
      "method": "GET",
      "url": "/api/v1/recipients?page=1&limit=15",
      "query": {
        "page": "1",
        "limit": "15"
      },
      "params": {},
      "headers": {
        "host": "localhost:5000",
        "connection": "close",
        "sec-ch-ua-platform": "\"Windows\"",
        "user-agent": "Mozilla/5.0 (Windows NT 10.0; Win64; x64) AppleWebKit/537.36 (KHTML, like Gecko) Code/1.127.0 Chrome/148.0.7778.97 Electron/42.2.0 Safari/537.36",
        "accept": "application/json, text/plain, */*",
        "sec-ch-ua": "\"Not/A)Brand\";v=\"99\", \"Chromium\";v=\"148\"",
        "sec-ch-ua-mobile": "?0",
        "sec-fetch-site": "same-origin",
        "sec-fetch-mode": "cors",
        "sec-fetch-dest": "empty",
        "referer": "http://localhost:3000/",
        "accept-encoding": "gzip, deflate, br, zstd",
        "accept-language": "ru",
        "cookie": "token=eyJhbGciOiJIUzI1NiIsInR5cCI6IkpXVCJ9.eyJpZCI6MSwicm9sZSI6ImFkbWluIiwiaWF0IjoxNzg0MjE2MTE3LCJleHAiOjE3ODQzMDI1MTd9.quKcQws2dPGd4yJm8pPTYribZzaFhFydG9ZA2V779sA",
        "if-none-match": "W/\"8917-xfwoZiqE5XfMGoGPpozXGvxlGCM\""
      },
      "remoteAddress": "::ffff:127.0.0.1",
      "remotePort": 61388
    }
    [35mres[39m: {
      "statusCode": 304,
      "headers": {
        "content-security-policy": "default-src 'self';base-uri 'self';font-src 'self' https: data:;form-action 'self';frame-ancestors 'self';img-src 'self' data:;object-src 'none';script-src 'self';script-src-attr 'none';style-src 'self' https: 'unsafe-inline';upgrade-insecure-requests",
        "cross-origin-opener-policy": "same-origin",
        "cross-origin-resource-policy": "same-origin",
        "origin-agent-cluster": "?1",
        "referrer-policy": "no-referrer",
        "strict-transport-security": "max-age=31536000; includeSubDomains",
        "x-content-type-options": "nosniff",
        "x-dns-prefetch-control": "off",
        "x-download-options": "noopen",
        "x-frame-options": "SAMEORIGIN",
        "x-permitted-cross-domain-policies": "none",
        "x-xss-protection": "0",
        "access-control-allow-origin": "http://localhost:5173",
        "vary": "Origin",
        "access-control-allow-credentials": "true",
        "x-ratelimit-limit": "100",
        "x-ratelimit-remaining": "71",
        "date": "Thu, 16 Jul 2026 16:01:52 GMT",
        "x-ratelimit-reset": "1784218335",
        "etag": "W/\"8917-xfwoZiqE5XfMGoGPpozXGvxlGCM\""
      }
    }
    [35mresponseTime[39m: 23
[2026-07-16 19:01:55.407 +0300] [32mINFO[39m: [36mrequest completed[39m
    [35mhost[39m: "NIKITA-PC"
    [35mreq[39m: {
      "id": "4f3c2a2b-c757-48e0-ad1a-a21d03ffd6f4",
      "method": "GET",
      "url": "/api/v1/users",
      "query": {},
      "params": {},
      "headers": {
        "host": "localhost:5000",
        "connection": "close",
        "sec-ch-ua-platform": "\"Windows\"",
        "user-agent": "Mozilla/5.0 (Windows NT 10.0; Win64; x64) AppleWebKit/537.36 (KHTML, like Gecko) Code/1.127.0 Chrome/148.0.7778.97 Electron/42.2.0 Safari/537.36",
        "accept": "application/json, text/plain, */*",
        "sec-ch-ua": "\"Not/A)Brand\";v=\"99\", \"Chromium\";v=\"148\"",
        "sec-ch-ua-mobile": "?0",
        "sec-fetch-site": "same-origin",
        "sec-fetch-mode": "cors",
        "sec-fetch-dest": "empty",
        "referer": "http://localhost:3000/",
        "accept-encoding": "gzip, deflate, br, zstd",
        "accept-language": "ru",
        "cookie": "token=eyJhbGciOiJIUzI1NiIsInR5cCI6IkpXVCJ9.eyJpZCI6MSwicm9sZSI6ImFkbWluIiwiaWF0IjoxNzg0MjE2MTE3LCJleHAiOjE3ODQzMDI1MTd9.quKcQws2dPGd4yJm8pPTYribZzaFhFydG9ZA2V779sA",
        "if-none-match": "W/\"392-i/pQj8btsImfpeGGNe72dx7eZxE\""
      },
      "remoteAddress": "::ffff:127.0.0.1",
      "remotePort": 61398
    }
    [35mres[39m: {
      "statusCode": 200,
      "headers": {
        "content-security-policy": "default-src 'self';base-uri 'self';font-src 'self' https: data:;form-action 'self';frame-ancestors 'self';img-src 'self' data:;object-src 'none';script-src 'self';script-src-attr 'none';style-src 'self' https: 'unsafe-inline';upgrade-insecure-requests",
        "cross-origin-opener-policy": "same-origin",
        "cross-origin-resource-policy": "same-origin",
        "origin-agent-cluster": "?1",
        "referrer-policy": "no-referrer",
        "strict-transport-security": "max-age=31536000; includeSubDomains",
        "x-content-type-options": "nosniff",
        "x-dns-prefetch-control": "off",
        "x-download-options": "noopen",
        "x-frame-options": "SAMEORIGIN",
        "x-permitted-cross-domain-policies": "none",
        "x-xss-protection": "0",
        "access-control-allow-origin": "http://localhost:5173",
        "vary": "Origin",
        "access-control-allow-credentials": "true",
        "x-ratelimit-limit": "100",
        "x-ratelimit-remaining": "69",
        "date": "Thu, 16 Jul 2026 16:01:55 GMT",
        "x-ratelimit-reset": "1784218335",
        "content-type": "application/json; charset=utf-8",
        "content-length": "1164",
        "etag": "W/\"48c-NHmaEdc+Tq0ddswVSCNKHFVfquw\""
      }
    }
    [35mresponseTime[39m: 6
[2026-07-16 19:01:55.407 +0300] [32mINFO[39m: [36mrequest completed[39m
    [35mhost[39m: "NIKITA-PC"
    [35mreq[39m: {
      "id": "2f90e0df-93f6-4c0b-a626-ba2c371c237f",
      "method": "GET",
      "url": "/api/v1/lists/directions",
      "query": {},
      "params": {},
      "headers": {
        "host": "localhost:5000",
        "connection": "close",
        "sec-ch-ua-platform": "\"Windows\"",
        "user-agent": "Mozilla/5.0 (Windows NT 10.0; Win64; x64) AppleWebKit/537.36 (KHTML, like Gecko) Code/1.127.0 Chrome/148.0.7778.97 Electron/42.2.0 Safari/537.36",
        "accept": "application/json, text/plain, */*",
        "sec-ch-ua": "\"Not/A)Brand\";v=\"99\", \"Chromium\";v=\"148\"",
        "sec-ch-ua-mobile": "?0",
        "sec-fetch-site": "same-origin",
        "sec-fetch-mode": "cors",
        "sec-fetch-dest": "empty",
        "referer": "http://localhost:3000/",
        "accept-encoding": "gzip, deflate, br, zstd",
        "accept-language": "ru",
        "cookie": "token=eyJhbGciOiJIUzI1NiIsInR5cCI6IkpXVCJ9.eyJpZCI6MSwicm9sZSI6ImFkbWluIiwiaWF0IjoxNzg0MjE2MTE3LCJleHAiOjE3ODQzMDI1MTd9.quKcQws2dPGd4yJm8pPTYribZzaFhFydG9ZA2V779sA",
        "if-none-match": "W/\"219-ztr0J+E3zf98evXaUGHQF2g79GY\""
      },
      "remoteAddress": "::ffff:127.0.0.1",
      "remotePort": 61399
    }
    [35mres[39m: {
      "statusCode": 304,
      "headers": {
        "content-security-policy": "default-src 'self';base-uri 'self';font-src 'self' https: data:;form-action 'self';frame-ancestors 'self';img-src 'self' data:;object-src 'none';script-src 'self';script-src-attr 'none';style-src 'self' https: 'unsafe-inline';upgrade-insecure-requests",
        "cross-origin-opener-policy": "same-origin",
        "cross-origin-resource-policy": "same-origin",
        "origin-agent-cluster": "?1",
        "referrer-policy": "no-referrer",
        "strict-transport-security": "max-age=31536000; includeSubDomains",
        "x-content-type-options": "nosniff",
        "x-dns-prefetch-control": "off",
        "x-download-options": "noopen",
        "x-frame-options": "SAMEORIGIN",
        "x-permitted-cross-domain-policies": "none",
        "x-xss-protection": "0",
        "access-control-allow-origin": "http://localhost:5173",
        "vary": "Origin",
        "access-control-allow-credentials": "true",
        "x-ratelimit-limit": "100",
        "x-ratelimit-remaining": "68",
        "date": "Thu, 16 Jul 2026 16:01:55 GMT",
        "x-ratelimit-reset": "1784218335",
        "etag": "W/\"219-ztr0J+E3zf98evXaUGHQF2g79GY\""
      }
    }
    [35mresponseTime[39m: 4
[2026-07-16 19:01:58.743 +0300] [32mINFO[39m: [36mrequest completed[39m
    [35mhost[39m: "NIKITA-PC"
    [35mreq[39m: {
      "id": "e237f6f8-a253-4968-99aa-9ced13671f12",
      "method": "GET",
      "url": "/api/v1/dashboard/admin-stats",
      "query": {},
      "params": {},
      "headers": {
        "host": "localhost:5000",
        "connection": "close",
        "sec-ch-ua-platform": "\"Windows\"",
        "user-agent": "Mozilla/5.0 (Windows NT 10.0; Win64; x64) AppleWebKit/537.36 (KHTML, like Gecko) Code/1.127.0 Chrome/148.0.7778.97 Electron/42.2.0 Safari/537.36",
        "accept": "application/json, text/plain, */*",
        "sec-ch-ua": "\"Not/A)Brand\";v=\"99\", \"Chromium\";v=\"148\"",
        "sec-ch-ua-mobile": "?0",
        "sec-fetch-site": "same-origin",
        "sec-fetch-mode": "cors",
        "sec-fetch-dest": "empty",
        "referer": "http://localhost:3000/",
        "accept-encoding": "gzip, deflate, br, zstd",
        "accept-language": "ru",
        "cookie": "token=eyJhbGciOiJIUzI1NiIsInR5cCI6IkpXVCJ9.eyJpZCI6MSwicm9sZSI6ImFkbWluIiwiaWF0IjoxNzg0MjE2MTE3LCJleHAiOjE3ODQzMDI1MTd9.quKcQws2dPGd4yJm8pPTYribZzaFhFydG9ZA2V779sA",
        "if-none-match": "W/\"238-mo6FpeqzaHA9d2C7UeMNNLNCniA\""
      },
      "remoteAddress": "::ffff:127.0.0.1",
      "remotePort": 61407
    }
    [35mres[39m: {
      "statusCode": 200,
      "headers": {
        "content-security-policy": "default-src 'self';base-uri 'self';font-src 'self' https: data:;form-action 'self';frame-ancestors 'self';img-src 'self' data:;object-src 'none';script-src 'self';script-src-attr 'none';style-src 'self' https: 'unsafe-inline';upgrade-insecure-requests",
        "cross-origin-opener-policy": "same-origin",
        "cross-origin-resource-policy": "same-origin",
        "origin-agent-cluster": "?1",
        "referrer-policy": "no-referrer",
        "strict-transport-security": "max-age=31536000; includeSubDomains",
        "x-content-type-options": "nosniff",
        "x-dns-prefetch-control": "off",
        "x-download-options": "noopen",
        "x-frame-options": "SAMEORIGIN",
        "x-permitted-cross-domain-policies": "none",
        "x-xss-protection": "0",
        "access-control-allow-origin": "http://localhost:5173",
        "vary": "Origin",
        "access-control-allow-credentials": "true",
        "x-ratelimit-limit": "100",
        "x-ratelimit-remaining": "67",
        "date": "Thu, 16 Jul 2026 16:01:58 GMT",
        "x-ratelimit-reset": "1784218335",
        "content-type": "application/json; charset=utf-8",
        "content-length": "568",
        "etag": "W/\"238-/eARXdT33Tytq82x450me33/dJo\""
      }
    }
    [35mresponseTime[39m: 10
[2026-07-16 19:01:59.158 +0300] [32mINFO[39m: [36mrequest completed[39m
    [35mhost[39m: "NIKITA-PC"
    [35mreq[39m: {
      "id": "6ea0ba68-bdd0-4fb7-90c0-7a4eb6d8ba95",
      "method": "GET",
      "url": "/api/v1/groups",
      "query": {},
      "params": {},
      "headers": {
        "host": "localhost:5000",
        "connection": "close",
        "sec-ch-ua-platform": "\"Windows\"",
        "user-agent": "Mozilla/5.0 (Windows NT 10.0; Win64; x64) AppleWebKit/537.36 (KHTML, like Gecko) Code/1.127.0 Chrome/148.0.7778.97 Electron/42.2.0 Safari/537.36",
        "accept": "application/json, text/plain, */*",
        "sec-ch-ua": "\"Not/A)Brand\";v=\"99\", \"Chromium\";v=\"148\"",
        "sec-ch-ua-mobile": "?0",
        "sec-fetch-site": "same-origin",
        "sec-fetch-mode": "cors",
        "sec-fetch-dest": "empty",
        "referer": "http://localhost:3000/",
        "accept-encoding": "gzip, deflate, br, zstd",
        "accept-language": "ru",
        "cookie": "token=eyJhbGciOiJIUzI1NiIsInR5cCI6IkpXVCJ9.eyJpZCI6MSwicm9sZSI6ImFkbWluIiwiaWF0IjoxNzg0MjE2MTE3LCJleHAiOjE3ODQzMDI1MTd9.quKcQws2dPGd4yJm8pPTYribZzaFhFydG9ZA2V779sA",
        "if-none-match": "W/\"e4-V6rT+6l3oHRWaN+zrpovy/C74l8\""
      },
      "remoteAddress": "::ffff:127.0.0.1",
      "remotePort": 61415
    }
    [35mres[39m: {
      "statusCode": 304,
      "headers": {
        "content-security-policy": "default-src 'self';base-uri 'self';font-src 'self' https: data:;form-action 'self';frame-ancestors 'self';img-src 'self' data:;object-src 'none';script-src 'self';script-src-attr 'none';style-src 'self' https: 'unsafe-inline';upgrade-insecure-requests",
        "cross-origin-opener-policy": "same-origin",
        "cross-origin-resource-policy": "same-origin",
        "origin-agent-cluster": "?1",
        "referrer-policy": "no-referrer",
        "strict-transport-security": "max-age=31536000; includeSubDomains",
        "x-content-type-options": "nosniff",
        "x-dns-prefetch-control": "off",
        "x-download-options": "noopen",
        "x-frame-options": "SAMEORIGIN",
        "x-permitted-cross-domain-policies": "none",
        "x-xss-protection": "0",
        "access-control-allow-origin": "http://localhost:5173",
        "vary": "Origin",
        "access-control-allow-credentials": "true",
        "x-ratelimit-limit": "100",
        "x-ratelimit-remaining": "65",
        "date": "Thu, 16 Jul 2026 16:01:59 GMT",
        "x-ratelimit-reset": "1784218335",
        "etag": "W/\"e4-V6rT+6l3oHRWaN+zrpovy/C74l8\""
      }
    }
    [35mresponseTime[39m: 16
[2026-07-16 19:01:59.159 +0300] [32mINFO[39m: [36mrequest completed[39m
    [35mhost[39m: "NIKITA-PC"
    [35mreq[39m: {
      "id": "1e51e995-0fb0-43b8-ab4b-56c4e1ddaf79",
      "method": "GET",
      "url": "/api/v1/recipients?page=1&limit=15",
      "query": {
        "page": "1",
        "limit": "15"
      },
      "params": {},
      "headers": {
        "host": "localhost:5000",
        "connection": "close",
        "sec-ch-ua-platform": "\"Windows\"",
        "user-agent": "Mozilla/5.0 (Windows NT 10.0; Win64; x64) AppleWebKit/537.36 (KHTML, like Gecko) Code/1.127.0 Chrome/148.0.7778.97 Electron/42.2.0 Safari/537.36",
        "accept": "application/json, text/plain, */*",
        "sec-ch-ua": "\"Not/A)Brand\";v=\"99\", \"Chromium\";v=\"148\"",
        "sec-ch-ua-mobile": "?0",
        "sec-fetch-site": "same-origin",
        "sec-fetch-mode": "cors",
        "sec-fetch-dest": "empty",
        "referer": "http://localhost:3000/",
        "accept-encoding": "gzip, deflate, br, zstd",
        "accept-language": "ru",
        "cookie": "token=eyJhbGciOiJIUzI1NiIsInR5cCI6IkpXVCJ9.eyJpZCI6MSwicm9sZSI6ImFkbWluIiwiaWF0IjoxNzg0MjE2MTE3LCJleHAiOjE3ODQzMDI1MTd9.quKcQws2dPGd4yJm8pPTYribZzaFhFydG9ZA2V779sA",
        "if-none-match": "W/\"8917-xfwoZiqE5XfMGoGPpozXGvxlGCM\""
      },
      "remoteAddress": "::ffff:127.0.0.1",
      "remotePort": 61414
    }
    [35mres[39m: {
      "statusCode": 304,
      "headers": {
        "content-security-policy": "default-src 'self';base-uri 'self';font-src 'self' https: data:;form-action 'self';frame-ancestors 'self';img-src 'self' data:;object-src 'none';script-src 'self';script-src-attr 'none';style-src 'self' https: 'unsafe-inline';upgrade-insecure-requests",
        "cross-origin-opener-policy": "same-origin",
        "cross-origin-resource-policy": "same-origin",
        "origin-agent-cluster": "?1",
        "referrer-policy": "no-referrer",
        "strict-transport-security": "max-age=31536000; includeSubDomains",
        "x-content-type-options": "nosniff",
        "x-dns-prefetch-control": "off",
        "x-download-options": "noopen",
        "x-frame-options": "SAMEORIGIN",
        "x-permitted-cross-domain-policies": "none",
        "x-xss-protection": "0",
        "access-control-allow-origin": "http://localhost:5173",
        "vary": "Origin",
        "access-control-allow-credentials": "true",
        "x-ratelimit-limit": "100",
        "x-ratelimit-remaining": "66",
        "date": "Thu, 16 Jul 2026 16:01:59 GMT",
        "x-ratelimit-reset": "1784218335",
        "etag": "W/\"8917-xfwoZiqE5XfMGoGPpozXGvxlGCM\""
      }
    }
    [35mresponseTime[39m: 19
[2026-07-16 19:01:59.521 +0300] [32mINFO[39m: [36mrequest completed[39m
    [35mhost[39m: "NIKITA-PC"
    [35mreq[39m: {
      "id": "ebd066f2-2089-4326-9a46-b8f433a2f172",
      "method": "POST",
      "url": "/api/v1/auth/logout",
      "query": {},
      "params": {},
      "headers": {
        "host": "localhost:5000",
        "connection": "close",
        "content-length": "0",
        "sec-ch-ua-platform": "\"Windows\"",
        "user-agent": "Mozilla/5.0 (Windows NT 10.0; Win64; x64) AppleWebKit/537.36 (KHTML, like Gecko) Code/1.127.0 Chrome/148.0.7778.97 Electron/42.2.0 Safari/537.36",
        "accept": "application/json, text/plain, */*",
        "sec-ch-ua": "\"Not/A)Brand\";v=\"99\", \"Chromium\";v=\"148\"",
        "sec-ch-ua-mobile": "?0",
        "origin": "http://localhost:3000",
        "sec-fetch-site": "same-origin",
        "sec-fetch-mode": "cors",
        "sec-fetch-dest": "empty",
        "referer": "http://localhost:3000/",
        "accept-encoding": "gzip, deflate, br, zstd",
        "accept-language": "ru",
        "cookie": "token=eyJhbGciOiJIUzI1NiIsInR5cCI6IkpXVCJ9.eyJpZCI6MSwicm9sZSI6ImFkbWluIiwiaWF0IjoxNzg0MjE2MTE3LCJleHAiOjE3ODQzMDI1MTd9.quKcQws2dPGd4yJm8pPTYribZzaFhFydG9ZA2V779sA"
      },
      "remoteAddress": "::ffff:127.0.0.1",
      "remotePort": 61418
    }
    [35mres[39m: {
      "statusCode": 200,
      "headers": {
        "content-security-policy": "default-src 'self';base-uri 'self';font-src 'self' https: data:;form-action 'self';frame-ancestors 'self';img-src 'self' data:;object-src 'none';script-src 'self';script-src-attr 'none';style-src 'self' https: 'unsafe-inline';upgrade-insecure-requests",
        "cross-origin-opener-policy": "same-origin",
        "cross-origin-resource-policy": "same-origin",
        "origin-agent-cluster": "?1",
        "referrer-policy": "no-referrer",
        "strict-transport-security": "max-age=31536000; includeSubDomains",
        "x-content-type-options": "nosniff",
        "x-dns-prefetch-control": "off",
        "x-download-options": "noopen",
        "x-frame-options": "SAMEORIGIN",
        "x-permitted-cross-domain-policies": "none",
        "x-xss-protection": "0",
        "access-control-allow-origin": "http://localhost:5173",
        "vary": "Origin",
        "access-control-allow-credentials": "true",
        "x-ratelimit-limit": "100",
        "x-ratelimit-remaining": "64",
        "date": "Thu, 16 Jul 2026 16:01:59 GMT",
        "x-ratelimit-reset": "1784218335",
        "set-cookie": "token=; Path=/; Expires=Thu, 01 Jan 1970 00:00:00 GMT",
        "content-type": "application/json; charset=utf-8",
        "content-length": "24",
        "etag": "W/\"18-ez3HU6ztP+x97ArcQd0fxpuaOt0\""
      }
    }
    [35mresponseTime[39m: 1
[2026-07-16 19:02:08.214 +0300] [32mINFO[39m: [36mrequest completed[39m
    [35mhost[39m: "NIKITA-PC"
    [35mreq[39m: {
      "id": "01cb2537-e430-444c-9e41-e3fd3b8a9345",
      "method": "POST",
      "url": "/api/v1/auth/login",
      "query": {},
      "params": {},
      "headers": {
        "host": "localhost:5000",
        "connection": "close",
        "content-length": "48",
        "sec-ch-ua-platform": "\"Windows\"",
        "user-agent": "Mozilla/5.0 (Windows NT 10.0; Win64; x64) AppleWebKit/537.36 (KHTML, like Gecko) Code/1.127.0 Chrome/148.0.7778.97 Electron/42.2.0 Safari/537.36",
        "accept": "application/json, text/plain, */*",
        "sec-ch-ua": "\"Not/A)Brand\";v=\"99\", \"Chromium\";v=\"148\"",
        "content-type": "application/json",
        "sec-ch-ua-mobile": "?0",
        "origin": "http://localhost:3000",
        "sec-fetch-site": "same-origin",
        "sec-fetch-mode": "cors",
        "sec-fetch-dest": "empty",
        "referer": "http://localhost:3000/",
        "accept-encoding": "gzip, deflate, br, zstd",
        "accept-language": "ru"
      },
      "remoteAddress": "::ffff:127.0.0.1",
      "remotePort": 61431
    }
    [35mres[39m: {
      "statusCode": 200,
      "headers": {
        "content-security-policy": "default-src 'self';base-uri 'self';font-src 'self' https: data:;form-action 'self';frame-ancestors 'self';img-src 'self' data:;object-src 'none';script-src 'self';script-src-attr 'none';style-src 'self' https: 'unsafe-inline';upgrade-insecure-requests",
        "cross-origin-opener-policy": "same-origin",
        "cross-origin-resource-policy": "same-origin",
        "origin-agent-cluster": "?1",
        "referrer-policy": "no-referrer",
        "strict-transport-security": "max-age=31536000; includeSubDomains",
        "x-content-type-options": "nosniff",
        "x-dns-prefetch-control": "off",
        "x-download-options": "noopen",
        "x-frame-options": "SAMEORIGIN",
        "x-permitted-cross-domain-policies": "none",
        "x-xss-protection": "0",
        "access-control-allow-origin": "http://localhost:5173",
        "vary": "Origin",
        "access-control-allow-credentials": "true",
        "x-ratelimit-limit": "100",
        "x-ratelimit-remaining": "63",
        "date": "Thu, 16 Jul 2026 16:02:08 GMT",
        "x-ratelimit-reset": "1784218335",
        "set-cookie": "token=eyJhbGciOiJIUzI1NiIsInR5cCI6IkpXVCJ9.eyJpZCI6MTgsInJvbGUiOiJlbXBsb3llZSIsImlhdCI6MTc4NDIxNzcyOCwiZXhwIjoxNzg0MzA0MTI4fQ.rtdSaeosrbwGvarptB1W97br8HSISoP0Wk6LzNyGTos; Max-Age=86400; Path=/; Expires=Fri, 17 Jul 2026 16:02:08 GMT; HttpOnly; SameSite=Strict",
        "content-type": "application/json; charset=utf-8",
        "content-length": "59",
        "etag": "W/\"3b-B1VgxjyVOIp6R3SqsCFnFNKARgY\""
      }
    }
    [35mresponseTime[39m: 56
[2026-07-16 19:02:08.241 +0300] [32mINFO[39m: [36mrequest completed[39m
    [35mhost[39m: "NIKITA-PC"
    [35mreq[39m: {
      "id": "01b28364-416c-4445-b060-5a8288ecb17d",
      "method": "GET",
      "url": "/api/v1/dashboard/diagnostics?page=1&limit=8",
      "query": {
        "page": "1",
        "limit": "8"
      },
      "params": {},
      "headers": {
        "host": "localhost:5000",
        "connection": "close",
        "sec-ch-ua-platform": "\"Windows\"",
        "user-agent": "Mozilla/5.0 (Windows NT 10.0; Win64; x64) AppleWebKit/537.36 (KHTML, like Gecko) Code/1.127.0 Chrome/148.0.7778.97 Electron/42.2.0 Safari/537.36",
        "accept": "application/json, text/plain, */*",
        "sec-ch-ua": "\"Not/A)Brand\";v=\"99\", \"Chromium\";v=\"148\"",
        "sec-ch-ua-mobile": "?0",
        "sec-fetch-site": "same-origin",
        "sec-fetch-mode": "cors",
        "sec-fetch-dest": "empty",
        "referer": "http://localhost:3000/",
        "accept-encoding": "gzip, deflate, br, zstd",
        "accept-language": "ru",
        "cookie": "token=eyJhbGciOiJIUzI1NiIsInR5cCI6IkpXVCJ9.eyJpZCI6MTgsInJvbGUiOiJlbXBsb3llZSIsImlhdCI6MTc4NDIxNzcyOCwiZXhwIjoxNzg0MzA0MTI4fQ.rtdSaeosrbwGvarptB1W97br8HSISoP0Wk6LzNyGTos",
        "if-none-match": "W/\"119-49o/zBTxsAUDYV7oGwaRseRtmng\""
      },
      "remoteAddress": "::ffff:127.0.0.1",
      "remotePort": 61442
    }
    [35mres[39m: {
      "statusCode": 200,
      "headers": {
        "content-security-policy": "default-src 'self';base-uri 'self';font-src 'self' https: data:;form-action 'self';frame-ancestors 'self';img-src 'self' data:;object-src 'none';script-src 'self';script-src-attr 'none';style-src 'self' https: 'unsafe-inline';upgrade-insecure-requests",
        "cross-origin-opener-policy": "same-origin",
        "cross-origin-resource-policy": "same-origin",
        "origin-agent-cluster": "?1",
        "referrer-policy": "no-referrer",
        "strict-transport-security": "max-age=31536000; includeSubDomains",
        "x-content-type-options": "nosniff",
        "x-dns-prefetch-control": "off",
        "x-download-options": "noopen",
        "x-frame-options": "SAMEORIGIN",
        "x-permitted-cross-domain-policies": "none",
        "x-xss-protection": "0",
        "access-control-allow-origin": "http://localhost:5173",
        "vary": "Origin",
        "access-control-allow-credentials": "true",
        "x-ratelimit-limit": "100",
        "x-ratelimit-remaining": "60",
        "date": "Thu, 16 Jul 2026 16:02:08 GMT",
        "x-ratelimit-reset": "1784218335",
        "content-type": "application/json; charset=utf-8",
        "content-length": "290",
        "etag": "W/\"122-7F2KzBM92a/SdevTX6gB4fUUeFg\""
      }
    }
    [35mresponseTime[39m: 16
[2026-07-16 19:02:08.242 +0300] [32mINFO[39m: [36mrequest completed[39m
    [35mhost[39m: "NIKITA-PC"
    [35mreq[39m: {
      "id": "26f34abd-9996-4215-8b3f-456024cf6c5c",
      "method": "GET",
      "url": "/api/v1/dashboard/missing-docs",
      "query": {},
      "params": {},
      "headers": {
        "host": "localhost:5000",
        "connection": "close",
        "sec-ch-ua-platform": "\"Windows\"",
        "user-agent": "Mozilla/5.0 (Windows NT 10.0; Win64; x64) AppleWebKit/537.36 (KHTML, like Gecko) Code/1.127.0 Chrome/148.0.7778.97 Electron/42.2.0 Safari/537.36",
        "accept": "application/json, text/plain, */*",
        "sec-ch-ua": "\"Not/A)Brand\";v=\"99\", \"Chromium\";v=\"148\"",
        "sec-ch-ua-mobile": "?0",
        "sec-fetch-site": "same-origin",
        "sec-fetch-mode": "cors",
        "sec-fetch-dest": "empty",
        "referer": "http://localhost:3000/",
        "accept-encoding": "gzip, deflate, br, zstd",
        "accept-language": "ru",
        "cookie": "token=eyJhbGciOiJIUzI1NiIsInR5cCI6IkpXVCJ9.eyJpZCI6MTgsInJvbGUiOiJlbXBsb3llZSIsImlhdCI6MTc4NDIxNzcyOCwiZXhwIjoxNzg0MzA0MTI4fQ.rtdSaeosrbwGvarptB1W97br8HSISoP0Wk6LzNyGTos",
        "if-none-match": "W/\"160-XZ64iG2dnpA0KvLy78KyTCHHRyo\""
      },
      "remoteAddress": "::ffff:127.0.0.1",
      "remotePort": 61441
    }
    [35mres[39m: {
      "statusCode": 304,
      "headers": {
        "content-security-policy": "default-src 'self';base-uri 'self';font-src 'self' https: data:;form-action 'self';frame-ancestors 'self';img-src 'self' data:;object-src 'none';script-src 'self';script-src-attr 'none';style-src 'self' https: 'unsafe-inline';upgrade-insecure-requests",
        "cross-origin-opener-policy": "same-origin",
        "cross-origin-resource-policy": "same-origin",
        "origin-agent-cluster": "?1",
        "referrer-policy": "no-referrer",
        "strict-transport-security": "max-age=31536000; includeSubDomains",
        "x-content-type-options": "nosniff",
        "x-dns-prefetch-control": "off",
        "x-download-options": "noopen",
        "x-frame-options": "SAMEORIGIN",
        "x-permitted-cross-domain-policies": "none",
        "x-xss-protection": "0",
        "access-control-allow-origin": "http://localhost:5173",
        "vary": "Origin",
        "access-control-allow-credentials": "true",
        "x-ratelimit-limit": "100",
        "x-ratelimit-remaining": "61",
        "date": "Thu, 16 Jul 2026 16:02:08 GMT",
        "x-ratelimit-reset": "1784218335",
        "etag": "W/\"160-XZ64iG2dnpA0KvLy78KyTCHHRyo\""
      }
    }
    [35mresponseTime[39m: 19
[2026-07-16 19:02:08.243 +0300] [32mINFO[39m: [36mrequest completed[39m
    [35mhost[39m: "NIKITA-PC"
    [35mreq[39m: {
      "id": "afeacdb2-27e4-48c0-8461-751faa87f4bd",
      "method": "GET",
      "url": "/api/v1/dashboard/stats",
      "query": {},
      "params": {},
      "headers": {
        "host": "localhost:5000",
        "connection": "close",
        "sec-ch-ua-platform": "\"Windows\"",
        "user-agent": "Mozilla/5.0 (Windows NT 10.0; Win64; x64) AppleWebKit/537.36 (KHTML, like Gecko) Code/1.127.0 Chrome/148.0.7778.97 Electron/42.2.0 Safari/537.36",
        "accept": "application/json, text/plain, */*",
        "sec-ch-ua": "\"Not/A)Brand\";v=\"99\", \"Chromium\";v=\"148\"",
        "sec-ch-ua-mobile": "?0",
        "sec-fetch-site": "same-origin",
        "sec-fetch-mode": "cors",
        "sec-fetch-dest": "empty",
        "referer": "http://localhost:3000/",
        "accept-encoding": "gzip, deflate, br, zstd",
        "accept-language": "ru",
        "cookie": "token=eyJhbGciOiJIUzI1NiIsInR5cCI6IkpXVCJ9.eyJpZCI6MTgsInJvbGUiOiJlbXBsb3llZSIsImlhdCI6MTc4NDIxNzcyOCwiZXhwIjoxNzg0MzA0MTI4fQ.rtdSaeosrbwGvarptB1W97br8HSISoP0Wk6LzNyGTos",
        "if-none-match": "W/\"8f-FL9BNlHADaW32zAJ41NmI8U8ltY\""
      },
      "remoteAddress": "::ffff:127.0.0.1",
      "remotePort": 61440
    }
    [35mres[39m: {
      "statusCode": 200,
      "headers": {
        "content-security-policy": "default-src 'self';base-uri 'self';font-src 'self' https: data:;form-action 'self';frame-ancestors 'self';img-src 'self' data:;object-src 'none';script-src 'self';script-src-attr 'none';style-src 'self' https: 'unsafe-inline';upgrade-insecure-requests",
        "cross-origin-opener-policy": "same-origin",
        "cross-origin-resource-policy": "same-origin",
        "origin-agent-cluster": "?1",
        "referrer-policy": "no-referrer",
        "strict-transport-security": "max-age=31536000; includeSubDomains",
        "x-content-type-options": "nosniff",
        "x-dns-prefetch-control": "off",
        "x-download-options": "noopen",
        "x-frame-options": "SAMEORIGIN",
        "x-permitted-cross-domain-policies": "none",
        "x-xss-protection": "0",
        "access-control-allow-origin": "http://localhost:5173",
        "vary": "Origin",
        "access-control-allow-credentials": "true",
        "x-ratelimit-limit": "100",
        "x-ratelimit-remaining": "62",
        "date": "Thu, 16 Jul 2026 16:02:08 GMT",
        "x-ratelimit-reset": "1784218335",
        "content-type": "application/json; charset=utf-8",
        "content-length": "143",
        "etag": "W/\"8f-6FMQjy0j/OqADCcjLv8yFANwBN4\""
      }
    }
    [35mresponseTime[39m: 21
[2026-07-16 19:02:09.464 +0300] [32mINFO[39m: [36mrequest completed[39m
    [35mhost[39m: "NIKITA-PC"
    [35mreq[39m: {
      "id": "5821938b-cebd-4bab-b99d-8ff7e0eda09b",
      "method": "GET",
      "url": "/api/v1/groups",
      "query": {},
      "params": {},
      "headers": {
        "host": "localhost:5000",
        "connection": "close",
        "sec-ch-ua-platform": "\"Windows\"",
        "user-agent": "Mozilla/5.0 (Windows NT 10.0; Win64; x64) AppleWebKit/537.36 (KHTML, like Gecko) Code/1.127.0 Chrome/148.0.7778.97 Electron/42.2.0 Safari/537.36",
        "accept": "application/json, text/plain, */*",
        "sec-ch-ua": "\"Not/A)Brand\";v=\"99\", \"Chromium\";v=\"148\"",
        "sec-ch-ua-mobile": "?0",
        "sec-fetch-site": "same-origin",
        "sec-fetch-mode": "cors",
        "sec-fetch-dest": "empty",
        "referer": "http://localhost:3000/",
        "accept-encoding": "gzip, deflate, br, zstd",
        "accept-language": "ru",
        "cookie": "token=eyJhbGciOiJIUzI1NiIsInR5cCI6IkpXVCJ9.eyJpZCI6MTgsInJvbGUiOiJlbXBsb3llZSIsImlhdCI6MTc4NDIxNzcyOCwiZXhwIjoxNzg0MzA0MTI4fQ.rtdSaeosrbwGvarptB1W97br8HSISoP0Wk6LzNyGTos",
        "if-none-match": "W/\"e4-V6rT+6l3oHRWaN+zrpovy/C74l8\""
      },
      "remoteAddress": "::ffff:127.0.0.1",
      "remotePort": 61452
    }
    [35mres[39m: {
      "statusCode": 304,
      "headers": {
        "content-security-policy": "default-src 'self';base-uri 'self';font-src 'self' https: data:;form-action 'self';frame-ancestors 'self';img-src 'self' data:;object-src 'none';script-src 'self';script-src-attr 'none';style-src 'self' https: 'unsafe-inline';upgrade-insecure-requests",
        "cross-origin-opener-policy": "same-origin",
        "cross-origin-resource-policy": "same-origin",
        "origin-agent-cluster": "?1",
        "referrer-policy": "no-referrer",
        "strict-transport-security": "max-age=31536000; includeSubDomains",
        "x-content-type-options": "nosniff",
        "x-dns-prefetch-control": "off",
        "x-download-options": "noopen",
        "x-frame-options": "SAMEORIGIN",
        "x-permitted-cross-domain-policies": "none",
        "x-xss-protection": "0",
        "access-control-allow-origin": "http://localhost:5173",
        "vary": "Origin",
        "access-control-allow-credentials": "true",
        "x-ratelimit-limit": "100",
        "x-ratelimit-remaining": "58",
        "date": "Thu, 16 Jul 2026 16:02:09 GMT",
        "x-ratelimit-reset": "1784218335",
        "etag": "W/\"e4-V6rT+6l3oHRWaN+zrpovy/C74l8\""
      }
    }
    [35mresponseTime[39m: 17
[2026-07-16 19:02:09.465 +0300] [32mINFO[39m: [36mrequest completed[39m
    [35mhost[39m: "NIKITA-PC"
    [35mreq[39m: {
      "id": "2cbd9762-5f1c-414a-a462-a7787d5b2590",
      "method": "GET",
      "url": "/api/v1/recipients?page=1&limit=15",
      "query": {
        "page": "1",
        "limit": "15"
      },
      "params": {},
      "headers": {
        "host": "localhost:5000",
        "connection": "close",
        "sec-ch-ua-platform": "\"Windows\"",
        "user-agent": "Mozilla/5.0 (Windows NT 10.0; Win64; x64) AppleWebKit/537.36 (KHTML, like Gecko) Code/1.127.0 Chrome/148.0.7778.97 Electron/42.2.0 Safari/537.36",
        "accept": "application/json, text/plain, */*",
        "sec-ch-ua": "\"Not/A)Brand\";v=\"99\", \"Chromium\";v=\"148\"",
        "sec-ch-ua-mobile": "?0",
        "sec-fetch-site": "same-origin",
        "sec-fetch-mode": "cors",
        "sec-fetch-dest": "empty",
        "referer": "http://localhost:3000/",
        "accept-encoding": "gzip, deflate, br, zstd",
        "accept-language": "ru",
        "cookie": "token=eyJhbGciOiJIUzI1NiIsInR5cCI6IkpXVCJ9.eyJpZCI6MTgsInJvbGUiOiJlbXBsb3llZSIsImlhdCI6MTc4NDIxNzcyOCwiZXhwIjoxNzg0MzA0MTI4fQ.rtdSaeosrbwGvarptB1W97br8HSISoP0Wk6LzNyGTos",
        "if-none-match": "W/\"8917-xfwoZiqE5XfMGoGPpozXGvxlGCM\""
      },
      "remoteAddress": "::ffff:127.0.0.1",
      "remotePort": 61451
    }
    [35mres[39m: {
      "statusCode": 304,
      "headers": {
        "content-security-policy": "default-src 'self';base-uri 'self';font-src 'self' https: data:;form-action 'self';frame-ancestors 'self';img-src 'self' data:;object-src 'none';script-src 'self';script-src-attr 'none';style-src 'self' https: 'unsafe-inline';upgrade-insecure-requests",
        "cross-origin-opener-policy": "same-origin",
        "cross-origin-resource-policy": "same-origin",
        "origin-agent-cluster": "?1",
        "referrer-policy": "no-referrer",
        "strict-transport-security": "max-age=31536000; includeSubDomains",
        "x-content-type-options": "nosniff",
        "x-dns-prefetch-control": "off",
        "x-download-options": "noopen",
        "x-frame-options": "SAMEORIGIN",
        "x-permitted-cross-domain-policies": "none",
        "x-xss-protection": "0",
        "access-control-allow-origin": "http://localhost:5173",
        "vary": "Origin",
        "access-control-allow-credentials": "true",
        "x-ratelimit-limit": "100",
        "x-ratelimit-remaining": "59",
        "date": "Thu, 16 Jul 2026 16:02:09 GMT",
        "x-ratelimit-reset": "1784218335",
        "etag": "W/\"8917-xfwoZiqE5XfMGoGPpozXGvxlGCM\""
      }
    }
    [35mresponseTime[39m: 20
[2026-07-16 19:02:11.134 +0300] [32mINFO[39m: [36mrequest completed[39m
    [35mhost[39m: "NIKITA-PC"
    [35mreq[39m: {
      "id": "60290208-77fa-4a5b-949b-c5529ce3e56a",
      "method": "GET",
      "url": "/api/v1/lists/curators",
      "query": {},
      "params": {},
      "headers": {
        "host": "localhost:5000",
        "connection": "close",
        "sec-ch-ua-platform": "\"Windows\"",
        "user-agent": "Mozilla/5.0 (Windows NT 10.0; Win64; x64) AppleWebKit/537.36 (KHTML, like Gecko) Code/1.127.0 Chrome/148.0.7778.97 Electron/42.2.0 Safari/537.36",
        "accept": "application/json, text/plain, */*",
        "sec-ch-ua": "\"Not/A)Brand\";v=\"99\", \"Chromium\";v=\"148\"",
        "sec-ch-ua-mobile": "?0",
        "sec-fetch-site": "same-origin",
        "sec-fetch-mode": "cors",
        "sec-fetch-dest": "empty",
        "referer": "http://localhost:3000/",
        "accept-encoding": "gzip, deflate, br, zstd",
        "accept-language": "ru",
        "cookie": "token=eyJhbGciOiJIUzI1NiIsInR5cCI6IkpXVCJ9.eyJpZCI6MTgsInJvbGUiOiJlbXBsb3llZSIsImlhdCI6MTc4NDIxNzcyOCwiZXhwIjoxNzg0MzA0MTI4fQ.rtdSaeosrbwGvarptB1W97br8HSISoP0Wk6LzNyGTos",
        "if-none-match": "W/\"64-WgMUW9D+GNNE/hZkX5/K6FobkIU\""
      },
      "remoteAddress": "::ffff:127.0.0.1",
      "remotePort": 61463
    }
    [35mres[39m: {
      "statusCode": 304,
      "headers": {
        "content-security-policy": "default-src 'self';base-uri 'self';font-src 'self' https: data:;form-action 'self';frame-ancestors 'self';img-src 'self' data:;object-src 'none';script-src 'self';script-src-attr 'none';style-src 'self' https: 'unsafe-inline';upgrade-insecure-requests",
        "cross-origin-opener-policy": "same-origin",
        "cross-origin-resource-policy": "same-origin",
        "origin-agent-cluster": "?1",
        "referrer-policy": "no-referrer",
        "strict-transport-security": "max-age=31536000; includeSubDomains",
        "x-content-type-options": "nosniff",
        "x-dns-prefetch-control": "off",
        "x-download-options": "noopen",
        "x-frame-options": "SAMEORIGIN",
        "x-permitted-cross-domain-policies": "none",
        "x-xss-protection": "0",
        "access-control-allow-origin": "http://localhost:5173",
        "vary": "Origin",
        "access-control-allow-credentials": "true",
        "x-ratelimit-limit": "100",
        "x-ratelimit-remaining": "57",
        "date": "Thu, 16 Jul 2026 16:02:11 GMT",
        "x-ratelimit-reset": "1784218335",
        "etag": "W/\"64-WgMUW9D+GNNE/hZkX5/K6FobkIU\""
      }
    }
    [35mresponseTime[39m: 4
[2026-07-16 19:02:11.145 +0300] [32mINFO[39m: [36mrequest completed[39m
    [35mhost[39m: "NIKITA-PC"
    [35mreq[39m: {
      "id": "5ec71563-d67c-40ac-b8e2-d4d59746afee",
      "method": "GET",
      "url": "/api/v1/groups?page=1&limit=15",
      "query": {
        "page": "1",
        "limit": "15"
      },
      "params": {},
      "headers": {
        "host": "localhost:5000",
        "connection": "close",
        "sec-ch-ua-platform": "\"Windows\"",
        "user-agent": "Mozilla/5.0 (Windows NT 10.0; Win64; x64) AppleWebKit/537.36 (KHTML, like Gecko) Code/1.127.0 Chrome/148.0.7778.97 Electron/42.2.0 Safari/537.36",
        "accept": "application/json, text/plain, */*",
        "sec-ch-ua": "\"Not/A)Brand\";v=\"99\", \"Chromium\";v=\"148\"",
        "sec-ch-ua-mobile": "?0",
        "sec-fetch-site": "same-origin",
        "sec-fetch-mode": "cors",
        "sec-fetch-dest": "empty",
        "referer": "http://localhost:3000/",
        "accept-encoding": "gzip, deflate, br, zstd",
        "accept-language": "ru",
        "cookie": "token=eyJhbGciOiJIUzI1NiIsInR5cCI6IkpXVCJ9.eyJpZCI6MTgsInJvbGUiOiJlbXBsb3llZSIsImlhdCI6MTc4NDIxNzcyOCwiZXhwIjoxNzg0MzA0MTI4fQ.rtdSaeosrbwGvarptB1W97br8HSISoP0Wk6LzNyGTos",
        "if-none-match": "W/\"e4-V6rT+6l3oHRWaN+zrpovy/C74l8\""
      },
      "remoteAddress": "::ffff:127.0.0.1",
      "remotePort": 61466
    }
    [35mres[39m: {
      "statusCode": 304,
      "headers": {
        "content-security-policy": "default-src 'self';base-uri 'self';font-src 'self' https: data:;form-action 'self';frame-ancestors 'self';img-src 'self' data:;object-src 'none';script-src 'self';script-src-attr 'none';style-src 'self' https: 'unsafe-inline';upgrade-insecure-requests",
        "cross-origin-opener-policy": "same-origin",
        "cross-origin-resource-policy": "same-origin",
        "origin-agent-cluster": "?1",
        "referrer-policy": "no-referrer",
        "strict-transport-security": "max-age=31536000; includeSubDomains",
        "x-content-type-options": "nosniff",
        "x-dns-prefetch-control": "off",
        "x-download-options": "noopen",
        "x-frame-options": "SAMEORIGIN",
        "x-permitted-cross-domain-policies": "none",
        "x-xss-protection": "0",
        "access-control-allow-origin": "http://localhost:5173",
        "vary": "Origin",
        "access-control-allow-credentials": "true",
        "x-ratelimit-limit": "100",
        "x-ratelimit-remaining": "56",
        "date": "Thu, 16 Jul 2026 16:02:11 GMT",
        "x-ratelimit-reset": "1784218335",
        "etag": "W/\"e4-V6rT+6l3oHRWaN+zrpovy/C74l8\""
      }
    }
    [35mresponseTime[39m: 7
[2026-07-16 19:02:13.531 +0300] [32mINFO[39m: [36mrequest completed[39m
    [35mhost[39m: "NIKITA-PC"
    [35mreq[39m: {
      "id": "8788a629-dd0b-466b-bd23-46b040f96e22",
      "method": "GET",
      "url": "/api/v1/groups/10/recipients",
      "query": {},
      "params": {},
      "headers": {
        "host": "localhost:5000",
        "connection": "close",
        "sec-ch-ua-platform": "\"Windows\"",
        "user-agent": "Mozilla/5.0 (Windows NT 10.0; Win64; x64) AppleWebKit/537.36 (KHTML, like Gecko) Code/1.127.0 Chrome/148.0.7778.97 Electron/42.2.0 Safari/537.36",
        "accept": "application/json, text/plain, */*",
        "sec-ch-ua": "\"Not/A)Brand\";v=\"99\", \"Chromium\";v=\"148\"",
        "sec-ch-ua-mobile": "?0",
        "sec-fetch-site": "same-origin",
        "sec-fetch-mode": "cors",
        "sec-fetch-dest": "empty",
        "referer": "http://localhost:3000/",
        "accept-encoding": "gzip, deflate, br, zstd",
        "accept-language": "ru",
        "cookie": "token=eyJhbGciOiJIUzI1NiIsInR5cCI6IkpXVCJ9.eyJpZCI6MTgsInJvbGUiOiJlbXBsb3llZSIsImlhdCI6MTc4NDIxNzcyOCwiZXhwIjoxNzg0MzA0MTI4fQ.rtdSaeosrbwGvarptB1W97br8HSISoP0Wk6LzNyGTos"
      },
      "remoteAddress": "::ffff:127.0.0.1",
      "remotePort": 61470
    }
    [35mres[39m: {
      "statusCode": 200,
      "headers": {
        "content-security-policy": "default-src 'self';base-uri 'self';font-src 'self' https: data:;form-action 'self';frame-ancestors 'self';img-src 'self' data:;object-src 'none';script-src 'self';script-src-attr 'none';style-src 'self' https: 'unsafe-inline';upgrade-insecure-requests",
        "cross-origin-opener-policy": "same-origin",
        "cross-origin-resource-policy": "same-origin",
        "origin-agent-cluster": "?1",
        "referrer-policy": "no-referrer",
        "strict-transport-security": "max-age=31536000; includeSubDomains",
        "x-content-type-options": "nosniff",
        "x-dns-prefetch-control": "off",
        "x-download-options": "noopen",
        "x-frame-options": "SAMEORIGIN",
        "x-permitted-cross-domain-policies": "none",
        "x-xss-protection": "0",
        "access-control-allow-origin": "http://localhost:5173",
        "vary": "Origin",
        "access-control-allow-credentials": "true",
        "x-ratelimit-limit": "100",
        "x-ratelimit-remaining": "55",
        "date": "Thu, 16 Jul 2026 16:02:13 GMT",
        "x-ratelimit-reset": "1784218335",
        "content-type": "application/json; charset=utf-8",
        "content-length": "2",
        "etag": "W/\"2-l9Fw4VUO7kr8CvBlt4zaMCqXZ0w\""
      }
    }
    [35mresponseTime[39m: 3
[2026-07-16 19:02:13.547 +0300] [32mINFO[39m: [36mrequest completed[39m
    [35mhost[39m: "NIKITA-PC"
    [35mreq[39m: {
      "id": "f8a6025e-9b67-47a1-88a8-37df99432b2f",
      "method": "GET",
      "url": "/api/v1/recipients?page=1&limit=500",
      "query": {
        "page": "1",
        "limit": "500"
      },
      "params": {},
      "headers": {
        "host": "localhost:5000",
        "connection": "close",
        "sec-ch-ua-platform": "\"Windows\"",
        "user-agent": "Mozilla/5.0 (Windows NT 10.0; Win64; x64) AppleWebKit/537.36 (KHTML, like Gecko) Code/1.127.0 Chrome/148.0.7778.97 Electron/42.2.0 Safari/537.36",
        "accept": "application/json, text/plain, */*",
        "sec-ch-ua": "\"Not/A)Brand\";v=\"99\", \"Chromium\";v=\"148\"",
        "sec-ch-ua-mobile": "?0",
        "sec-fetch-site": "same-origin",
        "sec-fetch-mode": "cors",
        "sec-fetch-dest": "empty",
        "referer": "http://localhost:3000/",
        "accept-encoding": "gzip, deflate, br, zstd",
        "accept-language": "ru",
        "cookie": "token=eyJhbGciOiJIUzI1NiIsInR5cCI6IkpXVCJ9.eyJpZCI6MTgsInJvbGUiOiJlbXBsb3llZSIsImlhdCI6MTc4NDIxNzcyOCwiZXhwIjoxNzg0MzA0MTI4fQ.rtdSaeosrbwGvarptB1W97br8HSISoP0Wk6LzNyGTos",
        "if-none-match": "W/\"8918-BvVBBRlAbEyZB1BFKWnPEsU8l6k\""
      },
      "remoteAddress": "::ffff:127.0.0.1",
      "remotePort": 61473
    }
    [35mres[39m: {
      "statusCode": 304,
      "headers": {
        "content-security-policy": "default-src 'self';base-uri 'self';font-src 'self' https: data:;form-action 'self';frame-ancestors 'self';img-src 'self' data:;object-src 'none';script-src 'self';script-src-attr 'none';style-src 'self' https: 'unsafe-inline';upgrade-insecure-requests",
        "cross-origin-opener-policy": "same-origin",
        "cross-origin-resource-policy": "same-origin",
        "origin-agent-cluster": "?1",
        "referrer-policy": "no-referrer",
        "strict-transport-security": "max-age=31536000; includeSubDomains",
        "x-content-type-options": "nosniff",
        "x-dns-prefetch-control": "off",
        "x-download-options": "noopen",
        "x-frame-options": "SAMEORIGIN",
        "x-permitted-cross-domain-policies": "none",
        "x-xss-protection": "0",
        "access-control-allow-origin": "http://localhost:5173",
        "vary": "Origin",
        "access-control-allow-credentials": "true",
        "x-ratelimit-limit": "100",
        "x-ratelimit-remaining": "54",
        "date": "Thu, 16 Jul 2026 16:02:13 GMT",
        "x-ratelimit-reset": "1784218335",
        "etag": "W/\"8918-BvVBBRlAbEyZB1BFKWnPEsU8l6k\""
      }
    }
    [35mresponseTime[39m: 12
[2026-07-16 19:02:17.369 +0300] [32mINFO[39m: [36mrequest completed[39m
    [35mhost[39m: "NIKITA-PC"
    [35mreq[39m: {
      "id": "4256d5d9-c0ef-4c71-b8e0-3538f20d9e7b",
      "method": "GET",
      "url": "/api/v1/groups/10/recipients",
      "query": {},
      "params": {},
      "headers": {
        "host": "localhost:5000",
        "connection": "close",
        "sec-ch-ua-platform": "\"Windows\"",
        "user-agent": "Mozilla/5.0 (Windows NT 10.0; Win64; x64) AppleWebKit/537.36 (KHTML, like Gecko) Code/1.127.0 Chrome/148.0.7778.97 Electron/42.2.0 Safari/537.36",
        "accept": "application/json, text/plain, */*",
        "sec-ch-ua": "\"Not/A)Brand\";v=\"99\", \"Chromium\";v=\"148\"",
        "sec-ch-ua-mobile": "?0",
        "sec-fetch-site": "same-origin",
        "sec-fetch-mode": "cors",
        "sec-fetch-dest": "empty",
        "referer": "http://localhost:3000/",
        "accept-encoding": "gzip, deflate, br, zstd",
        "accept-language": "ru",
        "cookie": "token=eyJhbGciOiJIUzI1NiIsInR5cCI6IkpXVCJ9.eyJpZCI6MTgsInJvbGUiOiJlbXBsb3llZSIsImlhdCI6MTc4NDIxNzcyOCwiZXhwIjoxNzg0MzA0MTI4fQ.rtdSaeosrbwGvarptB1W97br8HSISoP0Wk6LzNyGTos",
        "if-none-match": "W/\"2-l9Fw4VUO7kr8CvBlt4zaMCqXZ0w\""
      },
      "remoteAddress": "::ffff:127.0.0.1",
      "remotePort": 61479
    }
    [35mres[39m: {
      "statusCode": 304,
      "headers": {
        "content-security-policy": "default-src 'self';base-uri 'self';font-src 'self' https: data:;form-action 'self';frame-ancestors 'self';img-src 'self' data:;object-src 'none';script-src 'self';script-src-attr 'none';style-src 'self' https: 'unsafe-inline';upgrade-insecure-requests",
        "cross-origin-opener-policy": "same-origin",
        "cross-origin-resource-policy": "same-origin",
        "origin-agent-cluster": "?1",
        "referrer-policy": "no-referrer",
        "strict-transport-security": "max-age=31536000; includeSubDomains",
        "x-content-type-options": "nosniff",
        "x-dns-prefetch-control": "off",
        "x-download-options": "noopen",
        "x-frame-options": "SAMEORIGIN",
        "x-permitted-cross-domain-policies": "none",
        "x-xss-protection": "0",
        "access-control-allow-origin": "http://localhost:5173",
        "vary": "Origin",
        "access-control-allow-credentials": "true",
        "x-ratelimit-limit": "100",
        "x-ratelimit-remaining": "53",
        "date": "Thu, 16 Jul 2026 16:02:17 GMT",
        "x-ratelimit-reset": "1784218335",
        "etag": "W/\"2-l9Fw4VUO7kr8CvBlt4zaMCqXZ0w\""
      }
    }
    [35mresponseTime[39m: 3
[2026-07-16 19:02:17.387 +0300] [32mINFO[39m: [36mrequest completed[39m
    [35mhost[39m: "NIKITA-PC"
    [35mreq[39m: {
      "id": "7cd5f6ac-68e0-4428-980d-641f6622fa6e",
      "method": "GET",
      "url": "/api/v1/recipients?page=1&limit=500",
      "query": {
        "page": "1",
        "limit": "500"
      },
      "params": {},
      "headers": {
        "host": "localhost:5000",
        "connection": "close",
        "sec-ch-ua-platform": "\"Windows\"",
        "user-agent": "Mozilla/5.0 (Windows NT 10.0; Win64; x64) AppleWebKit/537.36 (KHTML, like Gecko) Code/1.127.0 Chrome/148.0.7778.97 Electron/42.2.0 Safari/537.36",
        "accept": "application/json, text/plain, */*",
        "sec-ch-ua": "\"Not/A)Brand\";v=\"99\", \"Chromium\";v=\"148\"",
        "sec-ch-ua-mobile": "?0",
        "sec-fetch-site": "same-origin",
        "sec-fetch-mode": "cors",
        "sec-fetch-dest": "empty",
        "referer": "http://localhost:3000/",
        "accept-encoding": "gzip, deflate, br, zstd",
        "accept-language": "ru",
        "cookie": "token=eyJhbGciOiJIUzI1NiIsInR5cCI6IkpXVCJ9.eyJpZCI6MTgsInJvbGUiOiJlbXBsb3llZSIsImlhdCI6MTc4NDIxNzcyOCwiZXhwIjoxNzg0MzA0MTI4fQ.rtdSaeosrbwGvarptB1W97br8HSISoP0Wk6LzNyGTos",
        "if-none-match": "W/\"8918-BvVBBRlAbEyZB1BFKWnPEsU8l6k\""
      },
      "remoteAddress": "::ffff:127.0.0.1",
      "remotePort": 61482
    }
    [35mres[39m: {
      "statusCode": 304,
      "headers": {
        "content-security-policy": "default-src 'self';base-uri 'self';font-src 'self' https: data:;form-action 'self';frame-ancestors 'self';img-src 'self' data:;object-src 'none';script-src 'self';script-src-attr 'none';style-src 'self' https: 'unsafe-inline';upgrade-insecure-requests",
        "cross-origin-opener-policy": "same-origin",
        "cross-origin-resource-policy": "same-origin",
        "origin-agent-cluster": "?1",
        "referrer-policy": "no-referrer",
        "strict-transport-security": "max-age=31536000; includeSubDomains",
        "x-content-type-options": "nosniff",
        "x-dns-prefetch-control": "off",
        "x-download-options": "noopen",
        "x-frame-options": "SAMEORIGIN",
        "x-permitted-cross-domain-policies": "none",
        "x-xss-protection": "0",
        "access-control-allow-origin": "http://localhost:5173",
        "vary": "Origin",
        "access-control-allow-credentials": "true",
        "x-ratelimit-limit": "100",
        "x-ratelimit-remaining": "52",
        "date": "Thu, 16 Jul 2026 16:02:17 GMT",
        "x-ratelimit-reset": "1784218335",
        "etag": "W/\"8918-BvVBBRlAbEyZB1BFKWnPEsU8l6k\""
      }
    }
    [35mresponseTime[39m: 13
[2026-07-16 19:02:19.888 +0300] [32mINFO[39m: [36mrequest completed[39m
    [35mhost[39m: "NIKITA-PC"
    [35mreq[39m: {
      "id": "8eafefc3-7079-4297-878b-8a41dc8898d6",
      "method": "POST",
      "url": "/api/v1/auth/logout",
      "query": {},
      "params": {},
      "headers": {
        "host": "localhost:5000",
        "connection": "close",
        "content-length": "0",
        "sec-ch-ua-platform": "\"Windows\"",
        "user-agent": "Mozilla/5.0 (Windows NT 10.0; Win64; x64) AppleWebKit/537.36 (KHTML, like Gecko) Code/1.127.0 Chrome/148.0.7778.97 Electron/42.2.0 Safari/537.36",
        "accept": "application/json, text/plain, */*",
        "sec-ch-ua": "\"Not/A)Brand\";v=\"99\", \"Chromium\";v=\"148\"",
        "sec-ch-ua-mobile": "?0",
        "origin": "http://localhost:3000",
        "sec-fetch-site": "same-origin",
        "sec-fetch-mode": "cors",
        "sec-fetch-dest": "empty",
        "referer": "http://localhost:3000/",
        "accept-encoding": "gzip, deflate, br, zstd",
        "accept-language": "ru",
        "cookie": "token=eyJhbGciOiJIUzI1NiIsInR5cCI6IkpXVCJ9.eyJpZCI6MTgsInJvbGUiOiJlbXBsb3llZSIsImlhdCI6MTc4NDIxNzcyOCwiZXhwIjoxNzg0MzA0MTI4fQ.rtdSaeosrbwGvarptB1W97br8HSISoP0Wk6LzNyGTos"
      },
      "remoteAddress": "::ffff:127.0.0.1",
      "remotePort": 61486
    }
    [35mres[39m: {
      "statusCode": 200,
      "headers": {
        "content-security-policy": "default-src 'self';base-uri 'self';font-src 'self' https: data:;form-action 'self';frame-ancestors 'self';img-src 'self' data:;object-src 'none';script-src 'self';script-src-attr 'none';style-src 'self' https: 'unsafe-inline';upgrade-insecure-requests",
        "cross-origin-opener-policy": "same-origin",
        "cross-origin-resource-policy": "same-origin",
        "origin-agent-cluster": "?1",
        "referrer-policy": "no-referrer",
        "strict-transport-security": "max-age=31536000; includeSubDomains",
        "x-content-type-options": "nosniff",
        "x-dns-prefetch-control": "off",
        "x-download-options": "noopen",
        "x-frame-options": "SAMEORIGIN",
        "x-permitted-cross-domain-policies": "none",
        "x-xss-protection": "0",
        "access-control-allow-origin": "http://localhost:5173",
        "vary": "Origin",
        "access-control-allow-credentials": "true",
        "x-ratelimit-limit": "100",
        "x-ratelimit-remaining": "51",
        "date": "Thu, 16 Jul 2026 16:02:19 GMT",
        "x-ratelimit-reset": "1784218335",
        "set-cookie": "token=; Path=/; Expires=Thu, 01 Jan 1970 00:00:00 GMT",
        "content-type": "application/json; charset=utf-8",
        "content-length": "24",
        "etag": "W/\"18-ez3HU6ztP+x97ArcQd0fxpuaOt0\""
      }
    }
    [35mresponseTime[39m: 0
[2026-07-16 19:02:29.252 +0300] [32mINFO[39m: [36mrequest completed[39m
    [35mhost[39m: "NIKITA-PC"
    [35mreq[39m: {
      "id": "bb608e5e-27f7-40e7-807c-54213c3393ea",
      "method": "POST",
      "url": "/api/v1/auth/login",
      "query": {},
      "params": {},
      "headers": {
        "host": "localhost:5000",
        "connection": "close",
        "content-length": "50",
        "sec-ch-ua-platform": "\"Windows\"",
        "user-agent": "Mozilla/5.0 (Windows NT 10.0; Win64; x64) AppleWebKit/537.36 (KHTML, like Gecko) Code/1.127.0 Chrome/148.0.7778.97 Electron/42.2.0 Safari/537.36",
        "accept": "application/json, text/plain, */*",
        "sec-ch-ua": "\"Not/A)Brand\";v=\"99\", \"Chromium\";v=\"148\"",
        "content-type": "application/json",
        "sec-ch-ua-mobile": "?0",
        "origin": "http://localhost:3000",
        "sec-fetch-site": "same-origin",
        "sec-fetch-mode": "cors",
        "sec-fetch-dest": "empty",
        "referer": "http://localhost:3000/",
        "accept-encoding": "gzip, deflate, br, zstd",
        "accept-language": "ru"
      },
      "remoteAddress": "::ffff:127.0.0.1",
      "remotePort": 61498
    }
    [35mres[39m: {
      "statusCode": 200,
      "headers": {
        "content-security-policy": "default-src 'self';base-uri 'self';font-src 'self' https: data:;form-action 'self';frame-ancestors 'self';img-src 'self' data:;object-src 'none';script-src 'self';script-src-attr 'none';style-src 'self' https: 'unsafe-inline';upgrade-insecure-requests",
        "cross-origin-opener-policy": "same-origin",
        "cross-origin-resource-policy": "same-origin",
        "origin-agent-cluster": "?1",
        "referrer-policy": "no-referrer",
        "strict-transport-security": "max-age=31536000; includeSubDomains",
        "x-content-type-options": "nosniff",
        "x-dns-prefetch-control": "off",
        "x-download-options": "noopen",
        "x-frame-options": "SAMEORIGIN",
        "x-permitted-cross-domain-policies": "none",
        "x-xss-protection": "0",
        "access-control-allow-origin": "http://localhost:5173",
        "vary": "Origin",
        "access-control-allow-credentials": "true",
        "x-ratelimit-limit": "100",
        "x-ratelimit-remaining": "50",
        "date": "Thu, 16 Jul 2026 16:02:29 GMT",
        "x-ratelimit-reset": "1784218335",
        "set-cookie": "token=eyJhbGciOiJIUzI1NiIsInR5cCI6IkpXVCJ9.eyJpZCI6MTksInJvbGUiOiJ0ZWFjaGVyIiwiaWF0IjoxNzg0MjE3NzQ5LCJleHAiOjE3ODQzMDQxNDl9.jHQ8dkAm6P0f8GzkMtCk_tBlwMzZF8wNUGSAle2XOhQ; Max-Age=86400; Path=/; Expires=Fri, 17 Jul 2026 16:02:29 GMT; HttpOnly; SameSite=Strict",
        "content-type": "application/json; charset=utf-8",
        "content-length": "60",
        "etag": "W/\"3c-SOFRn05O1cG+ntEjVyhzisItyBI\""
      }
    }
    [35mresponseTime[39m: 55
[2026-07-16 19:02:29.260 +0300] [32mINFO[39m: [36mrequest completed[39m
    [35mhost[39m: "NIKITA-PC"
    [35mreq[39m: {
      "id": "9001d297-1b3d-4754-94e3-aceccbd79409",
      "method": "GET",
      "url": "/api/v1/recipients?page=1&limit=1",
      "query": {
        "page": "1",
        "limit": "1"
      },
      "params": {},
      "headers": {
        "host": "localhost:5000",
        "connection": "close",
        "sec-ch-ua-platform": "\"Windows\"",
        "user-agent": "Mozilla/5.0 (Windows NT 10.0; Win64; x64) AppleWebKit/537.36 (KHTML, like Gecko) Code/1.127.0 Chrome/148.0.7778.97 Electron/42.2.0 Safari/537.36",
        "accept": "application/json, text/plain, */*",
        "sec-ch-ua": "\"Not/A)Brand\";v=\"99\", \"Chromium\";v=\"148\"",
        "sec-ch-ua-mobile": "?0",
        "sec-fetch-site": "same-origin",
        "sec-fetch-mode": "cors",
        "sec-fetch-dest": "empty",
        "referer": "http://localhost:3000/",
        "accept-encoding": "gzip, deflate, br, zstd",
        "accept-language": "ru",
        "cookie": "token=eyJhbGciOiJIUzI1NiIsInR5cCI6IkpXVCJ9.eyJpZCI6MTksInJvbGUiOiJ0ZWFjaGVyIiwiaWF0IjoxNzg0MjE3NzQ5LCJleHAiOjE3ODQzMDQxNDl9.jHQ8dkAm6P0f8GzkMtCk_tBlwMzZF8wNUGSAle2XOhQ",
        "if-none-match": "W/\"37-edr3tI0vV9BrRwihZN4gGQLsIZk\""
      },
      "remoteAddress": "::ffff:127.0.0.1",
      "remotePort": 61503
    }
    [35mres[39m: {
      "statusCode": 304,
      "headers": {
        "content-security-policy": "default-src 'self';base-uri 'self';font-src 'self' https: data:;form-action 'self';frame-ancestors 'self';img-src 'self' data:;object-src 'none';script-src 'self';script-src-attr 'none';style-src 'self' https: 'unsafe-inline';upgrade-insecure-requests",
        "cross-origin-opener-policy": "same-origin",
        "cross-origin-resource-policy": "same-origin",
        "origin-agent-cluster": "?1",
        "referrer-policy": "no-referrer",
        "strict-transport-security": "max-age=31536000; includeSubDomains",
        "x-content-type-options": "nosniff",
        "x-dns-prefetch-control": "off",
        "x-download-options": "noopen",
        "x-frame-options": "SAMEORIGIN",
        "x-permitted-cross-domain-policies": "none",
        "x-xss-protection": "0",
        "access-control-allow-origin": "http://localhost:5173",
        "vary": "Origin",
        "access-control-allow-credentials": "true",
        "x-ratelimit-limit": "100",
        "x-ratelimit-remaining": "49",
        "date": "Thu, 16 Jul 2026 16:02:29 GMT",
        "x-ratelimit-reset": "1784218335",
        "etag": "W/\"37-edr3tI0vV9BrRwihZN4gGQLsIZk\""
      }
    }
    [35mresponseTime[39m: 3
[2026-07-16 19:02:29.282 +0300] [32mINFO[39m: [36mrequest completed[39m
    [35mhost[39m: "NIKITA-PC"
    [35mreq[39m: {
      "id": "c683ced0-bc8a-4229-b3e9-45653f2da65a",
      "method": "GET",
      "url": "/api/v1/dashboard/diagnostics?page=1&limit=10",
      "query": {
        "page": "1",
        "limit": "10"
      },
      "params": {},
      "headers": {
        "host": "localhost:5000",
        "connection": "close",
        "sec-ch-ua-platform": "\"Windows\"",
        "user-agent": "Mozilla/5.0 (Windows NT 10.0; Win64; x64) AppleWebKit/537.36 (KHTML, like Gecko) Code/1.127.0 Chrome/148.0.7778.97 Electron/42.2.0 Safari/537.36",
        "accept": "application/json, text/plain, */*",
        "sec-ch-ua": "\"Not/A)Brand\";v=\"99\", \"Chromium\";v=\"148\"",
        "sec-ch-ua-mobile": "?0",
        "sec-fetch-site": "same-origin",
        "sec-fetch-mode": "cors",
        "sec-fetch-dest": "empty",
        "referer": "http://localhost:3000/",
        "accept-encoding": "gzip, deflate, br, zstd",
        "accept-language": "ru",
        "cookie": "token=eyJhbGciOiJIUzI1NiIsInR5cCI6IkpXVCJ9.eyJpZCI6MTksInJvbGUiOiJ0ZWFjaGVyIiwiaWF0IjoxNzg0MjE3NzQ5LCJleHAiOjE3ODQzMDQxNDl9.jHQ8dkAm6P0f8GzkMtCk_tBlwMzZF8wNUGSAle2XOhQ",
        "if-none-match": "W/\"38-uDHk6ipnehGGrrfgxU5u/CHEagA\""
      },
      "remoteAddress": "::ffff:127.0.0.1",
      "remotePort": 61512
    }
    [35mres[39m: {
      "statusCode": 200,
      "headers": {
        "content-security-policy": "default-src 'self';base-uri 'self';font-src 'self' https: data:;form-action 'self';frame-ancestors 'self';img-src 'self' data:;object-src 'none';script-src 'self';script-src-attr 'none';style-src 'self' https: 'unsafe-inline';upgrade-insecure-requests",
        "cross-origin-opener-policy": "same-origin",
        "cross-origin-resource-policy": "same-origin",
        "origin-agent-cluster": "?1",
        "referrer-policy": "no-referrer",
        "strict-transport-security": "max-age=31536000; includeSubDomains",
        "x-content-type-options": "nosniff",
        "x-dns-prefetch-control": "off",
        "x-download-options": "noopen",
        "x-frame-options": "SAMEORIGIN",
        "x-permitted-cross-domain-policies": "none",
        "x-xss-protection": "0",
        "access-control-allow-origin": "http://localhost:5173",
        "vary": "Origin",
        "access-control-allow-credentials": "true",
        "x-ratelimit-limit": "100",
        "x-ratelimit-remaining": "46",
        "date": "Thu, 16 Jul 2026 16:02:29 GMT",
        "x-ratelimit-reset": "1784218335",
        "content-type": "application/json; charset=utf-8",
        "content-length": "291",
        "etag": "W/\"123-lvTiCAzANIH1y5kQgk6wwBTr7Mw\""
      }
    }
    [35mresponseTime[39m: 17
[2026-07-16 19:02:29.284 +0300] [32mINFO[39m: [36mrequest completed[39m
    [35mhost[39m: "NIKITA-PC"
    [35mreq[39m: {
      "id": "37e160bf-dbd1-43df-89e5-8a7c92829f74",
      "method": "GET",
      "url": "/api/v1/dashboard/missing-docs",
      "query": {},
      "params": {},
      "headers": {
        "host": "localhost:5000",
        "connection": "close",
        "sec-ch-ua-platform": "\"Windows\"",
        "user-agent": "Mozilla/5.0 (Windows NT 10.0; Win64; x64) AppleWebKit/537.36 (KHTML, like Gecko) Code/1.127.0 Chrome/148.0.7778.97 Electron/42.2.0 Safari/537.36",
        "accept": "application/json, text/plain, */*",
        "sec-ch-ua": "\"Not/A)Brand\";v=\"99\", \"Chromium\";v=\"148\"",
        "sec-ch-ua-mobile": "?0",
        "sec-fetch-site": "same-origin",
        "sec-fetch-mode": "cors",
        "sec-fetch-dest": "empty",
        "referer": "http://localhost:3000/",
        "accept-encoding": "gzip, deflate, br, zstd",
        "accept-language": "ru",
        "cookie": "token=eyJhbGciOiJIUzI1NiIsInR5cCI6IkpXVCJ9.eyJpZCI6MTksInJvbGUiOiJ0ZWFjaGVyIiwiaWF0IjoxNzg0MjE3NzQ5LCJleHAiOjE3ODQzMDQxNDl9.jHQ8dkAm6P0f8GzkMtCk_tBlwMzZF8wNUGSAle2XOhQ",
        "if-none-match": "W/\"160-XZ64iG2dnpA0KvLy78KyTCHHRyo\""
      },
      "remoteAddress": "::ffff:127.0.0.1",
      "remotePort": 61511
    }
    [35mres[39m: {
      "statusCode": 304,
      "headers": {
        "content-security-policy": "default-src 'self';base-uri 'self';font-src 'self' https: data:;form-action 'self';frame-ancestors 'self';img-src 'self' data:;object-src 'none';script-src 'self';script-src-attr 'none';style-src 'self' https: 'unsafe-inline';upgrade-insecure-requests",
        "cross-origin-opener-policy": "same-origin",
        "cross-origin-resource-policy": "same-origin",
        "origin-agent-cluster": "?1",
        "referrer-policy": "no-referrer",
        "strict-transport-security": "max-age=31536000; includeSubDomains",
        "x-content-type-options": "nosniff",
        "x-dns-prefetch-control": "off",
        "x-download-options": "noopen",
        "x-frame-options": "SAMEORIGIN",
        "x-permitted-cross-domain-policies": "none",
        "x-xss-protection": "0",
        "access-control-allow-origin": "http://localhost:5173",
        "vary": "Origin",
        "access-control-allow-credentials": "true",
        "x-ratelimit-limit": "100",
        "x-ratelimit-remaining": "47",
        "date": "Thu, 16 Jul 2026 16:02:29 GMT",
        "x-ratelimit-reset": "1784218335",
        "etag": "W/\"160-XZ64iG2dnpA0KvLy78KyTCHHRyo\""
      }
    }
    [35mresponseTime[39m: 21
[2026-07-16 19:02:29.285 +0300] [32mINFO[39m: [36mrequest completed[39m
    [35mhost[39m: "NIKITA-PC"
    [35mreq[39m: {
      "id": "f503c4a9-8d3b-4820-896c-c8fed6e15a77",
      "method": "GET",
      "url": "/api/v1/recipients?page=1&limit=1",
      "query": {
        "page": "1",
        "limit": "1"
      },
      "params": {},
      "headers": {
        "host": "localhost:5000",
        "connection": "close",
        "sec-ch-ua-platform": "\"Windows\"",
        "user-agent": "Mozilla/5.0 (Windows NT 10.0; Win64; x64) AppleWebKit/537.36 (KHTML, like Gecko) Code/1.127.0 Chrome/148.0.7778.97 Electron/42.2.0 Safari/537.36",
        "accept": "application/json, text/plain, */*",
        "sec-ch-ua": "\"Not/A)Brand\";v=\"99\", \"Chromium\";v=\"148\"",
        "sec-ch-ua-mobile": "?0",
        "sec-fetch-site": "same-origin",
        "sec-fetch-mode": "cors",
        "sec-fetch-dest": "empty",
        "referer": "http://localhost:3000/",
        "accept-encoding": "gzip, deflate, br, zstd",
        "accept-language": "ru",
        "cookie": "token=eyJhbGciOiJIUzI1NiIsInR5cCI6IkpXVCJ9.eyJpZCI6MTksInJvbGUiOiJ0ZWFjaGVyIiwiaWF0IjoxNzg0MjE3NzQ5LCJleHAiOjE3ODQzMDQxNDl9.jHQ8dkAm6P0f8GzkMtCk_tBlwMzZF8wNUGSAle2XOhQ",
        "if-none-match": "W/\"37-edr3tI0vV9BrRwihZN4gGQLsIZk\""
      },
      "remoteAddress": "::ffff:127.0.0.1",
      "remotePort": 61515
    }
    [35mres[39m: {
      "statusCode": 304,
      "headers": {
        "content-security-policy": "default-src 'self';base-uri 'self';font-src 'self' https: data:;form-action 'self';frame-ancestors 'self';img-src 'self' data:;object-src 'none';script-src 'self';script-src-attr 'none';style-src 'self' https: 'unsafe-inline';upgrade-insecure-requests",
        "cross-origin-opener-policy": "same-origin",
        "cross-origin-resource-policy": "same-origin",
        "origin-agent-cluster": "?1",
        "referrer-policy": "no-referrer",
        "strict-transport-security": "max-age=31536000; includeSubDomains",
        "x-content-type-options": "nosniff",
        "x-dns-prefetch-control": "off",
        "x-download-options": "noopen",
        "x-frame-options": "SAMEORIGIN",
        "x-permitted-cross-domain-policies": "none",
        "x-xss-protection": "0",
        "access-control-allow-origin": "http://localhost:5173",
        "vary": "Origin",
        "access-control-allow-credentials": "true",
        "x-ratelimit-limit": "100",
        "x-ratelimit-remaining": "45",
        "date": "Thu, 16 Jul 2026 16:02:29 GMT",
        "x-ratelimit-reset": "1784218335",
        "etag": "W/\"37-edr3tI0vV9BrRwihZN4gGQLsIZk\""
      }
    }
    [35mresponseTime[39m: 13
[2026-07-16 19:02:29.288 +0300] [32mINFO[39m: [36mrequest completed[39m
    [35mhost[39m: "NIKITA-PC"
    [35mreq[39m: {
      "id": "edd0b700-716f-4f36-9df6-5d5b1fe83e3f",
      "method": "GET",
      "url": "/api/v1/dashboard/stats",
      "query": {},
      "params": {},
      "headers": {
        "host": "localhost:5000",
        "connection": "close",
        "sec-ch-ua-platform": "\"Windows\"",
        "user-agent": "Mozilla/5.0 (Windows NT 10.0; Win64; x64) AppleWebKit/537.36 (KHTML, like Gecko) Code/1.127.0 Chrome/148.0.7778.97 Electron/42.2.0 Safari/537.36",
        "accept": "application/json, text/plain, */*",
        "sec-ch-ua": "\"Not/A)Brand\";v=\"99\", \"Chromium\";v=\"148\"",
        "sec-ch-ua-mobile": "?0",
        "sec-fetch-site": "same-origin",
        "sec-fetch-mode": "cors",
        "sec-fetch-dest": "empty",
        "referer": "http://localhost:3000/",
        "accept-encoding": "gzip, deflate, br, zstd",
        "accept-language": "ru",
        "cookie": "token=eyJhbGciOiJIUzI1NiIsInR5cCI6IkpXVCJ9.eyJpZCI6MTksInJvbGUiOiJ0ZWFjaGVyIiwiaWF0IjoxNzg0MjE3NzQ5LCJleHAiOjE3ODQzMDQxNDl9.jHQ8dkAm6P0f8GzkMtCk_tBlwMzZF8wNUGSAle2XOhQ",
        "if-none-match": "W/\"8f-6FMQjy0j/OqADCcjLv8yFANwBN4\""
      },
      "remoteAddress": "::ffff:127.0.0.1",
      "remotePort": 61510
    }
    [35mres[39m: {
      "statusCode": 304,
      "headers": {
        "content-security-policy": "default-src 'self';base-uri 'self';font-src 'self' https: data:;form-action 'self';frame-ancestors 'self';img-src 'self' data:;object-src 'none';script-src 'self';script-src-attr 'none';style-src 'self' https: 'unsafe-inline';upgrade-insecure-requests",
        "cross-origin-opener-policy": "same-origin",
        "cross-origin-resource-policy": "same-origin",
        "origin-agent-cluster": "?1",
        "referrer-policy": "no-referrer",
        "strict-transport-security": "max-age=31536000; includeSubDomains",
        "x-content-type-options": "nosniff",
        "x-dns-prefetch-control": "off",
        "x-download-options": "noopen",
        "x-frame-options": "SAMEORIGIN",
        "x-permitted-cross-domain-policies": "none",
        "x-xss-protection": "0",
        "access-control-allow-origin": "http://localhost:5173",
        "vary": "Origin",
        "access-control-allow-credentials": "true",
        "x-ratelimit-limit": "100",
        "x-ratelimit-remaining": "48",
        "date": "Thu, 16 Jul 2026 16:02:29 GMT",
        "x-ratelimit-reset": "1784218335",
        "etag": "W/\"8f-6FMQjy0j/OqADCcjLv8yFANwBN4\""
      }
    }
    [35mresponseTime[39m: 27
[2026-07-16 19:02:30.479 +0300] [32mINFO[39m: [36mrequest completed[39m
    [35mhost[39m: "NIKITA-PC"
    [35mreq[39m: {
      "id": "0722e28d-fbea-41e0-97ea-0952f58e3851",
      "method": "GET",
      "url": "/api/v1/recipients?page=1&limit=15",
      "query": {
        "page": "1",
        "limit": "15"
      },
      "params": {},
      "headers": {
        "host": "localhost:5000",
        "connection": "close",
        "sec-ch-ua-platform": "\"Windows\"",
        "user-agent": "Mozilla/5.0 (Windows NT 10.0; Win64; x64) AppleWebKit/537.36 (KHTML, like Gecko) Code/1.127.0 Chrome/148.0.7778.97 Electron/42.2.0 Safari/537.36",
        "accept": "application/json, text/plain, */*",
        "sec-ch-ua": "\"Not/A)Brand\";v=\"99\", \"Chromium\";v=\"148\"",
        "sec-ch-ua-mobile": "?0",
        "sec-fetch-site": "same-origin",
        "sec-fetch-mode": "cors",
        "sec-fetch-dest": "empty",
        "referer": "http://localhost:3000/",
        "accept-encoding": "gzip, deflate, br, zstd",
        "accept-language": "ru",
        "cookie": "token=eyJhbGciOiJIUzI1NiIsInR5cCI6IkpXVCJ9.eyJpZCI6MTksInJvbGUiOiJ0ZWFjaGVyIiwiaWF0IjoxNzg0MjE3NzQ5LCJleHAiOjE3ODQzMDQxNDl9.jHQ8dkAm6P0f8GzkMtCk_tBlwMzZF8wNUGSAle2XOhQ",
        "if-none-match": "W/\"8917-xfwoZiqE5XfMGoGPpozXGvxlGCM\""
      },
      "remoteAddress": "::ffff:127.0.0.1",
      "remotePort": 61525
    }
    [35mres[39m: {
      "statusCode": 200,
      "headers": {
        "content-security-policy": "default-src 'self';base-uri 'self';font-src 'self' https: data:;form-action 'self';frame-ancestors 'self';img-src 'self' data:;object-src 'none';script-src 'self';script-src-attr 'none';style-src 'self' https: 'unsafe-inline';upgrade-insecure-requests",
        "cross-origin-opener-policy": "same-origin",
        "cross-origin-resource-policy": "same-origin",
        "origin-agent-cluster": "?1",
        "referrer-policy": "no-referrer",
        "strict-transport-security": "max-age=31536000; includeSubDomains",
        "x-content-type-options": "nosniff",
        "x-dns-prefetch-control": "off",
        "x-download-options": "noopen",
        "x-frame-options": "SAMEORIGIN",
        "x-permitted-cross-domain-policies": "none",
        "x-xss-protection": "0",
        "access-control-allow-origin": "http://localhost:5173",
        "vary": "Origin",
        "access-control-allow-credentials": "true",
        "x-ratelimit-limit": "100",
        "x-ratelimit-remaining": "44",
        "date": "Thu, 16 Jul 2026 16:02:30 GMT",
        "x-ratelimit-reset": "1784218335",
        "content-type": "application/json; charset=utf-8",
        "content-length": "56",
        "etag": "W/\"38-4FUF0FaRKmfJx/Y5csu09YQD0dc\""
      }
    }
    [35mresponseTime[39m: 9
[2026-07-16 19:02:30.481 +0300] [32mINFO[39m: [36mrequest completed[39m
    [35mhost[39m: "NIKITA-PC"
    [35mreq[39m: {
      "id": "e05fab2e-d357-4277-ac79-34f2c0e1b2b5",
      "method": "GET",
      "url": "/api/v1/groups",
      "query": {},
      "params": {},
      "headers": {
        "host": "localhost:5000",
        "connection": "close",
        "sec-ch-ua-platform": "\"Windows\"",
        "user-agent": "Mozilla/5.0 (Windows NT 10.0; Win64; x64) AppleWebKit/537.36 (KHTML, like Gecko) Code/1.127.0 Chrome/148.0.7778.97 Electron/42.2.0 Safari/537.36",
        "accept": "application/json, text/plain, */*",
        "sec-ch-ua": "\"Not/A)Brand\";v=\"99\", \"Chromium\";v=\"148\"",
        "sec-ch-ua-mobile": "?0",
        "sec-fetch-site": "same-origin",
        "sec-fetch-mode": "cors",
        "sec-fetch-dest": "empty",
        "referer": "http://localhost:3000/",
        "accept-encoding": "gzip, deflate, br, zstd",
        "accept-language": "ru",
        "cookie": "token=eyJhbGciOiJIUzI1NiIsInR5cCI6IkpXVCJ9.eyJpZCI6MTksInJvbGUiOiJ0ZWFjaGVyIiwiaWF0IjoxNzg0MjE3NzQ5LCJleHAiOjE3ODQzMDQxNDl9.jHQ8dkAm6P0f8GzkMtCk_tBlwMzZF8wNUGSAle2XOhQ",
        "if-none-match": "W/\"e4-V6rT+6l3oHRWaN+zrpovy/C74l8\""
      },
      "remoteAddress": "::ffff:127.0.0.1",
      "remotePort": 61526
    }
    [35mres[39m: {
      "statusCode": 304,
      "headers": {
        "content-security-policy": "default-src 'self';base-uri 'self';font-src 'self' https: data:;form-action 'self';frame-ancestors 'self';img-src 'self' data:;object-src 'none';script-src 'self';script-src-attr 'none';style-src 'self' https: 'unsafe-inline';upgrade-insecure-requests",
        "cross-origin-opener-policy": "same-origin",
        "cross-origin-resource-policy": "same-origin",
        "origin-agent-cluster": "?1",
        "referrer-policy": "no-referrer",
        "strict-transport-security": "max-age=31536000; includeSubDomains",
        "x-content-type-options": "nosniff",
        "x-dns-prefetch-control": "off",
        "x-download-options": "noopen",
        "x-frame-options": "SAMEORIGIN",
        "x-permitted-cross-domain-policies": "none",
        "x-xss-protection": "0",
        "access-control-allow-origin": "http://localhost:5173",
        "vary": "Origin",
        "access-control-allow-credentials": "true",
        "x-ratelimit-limit": "100",
        "x-ratelimit-remaining": "43",
        "date": "Thu, 16 Jul 2026 16:02:30 GMT",
        "x-ratelimit-reset": "1784218335",
        "etag": "W/\"e4-V6rT+6l3oHRWaN+zrpovy/C74l8\""
      }
    }
    [35mresponseTime[39m: 9
[2026-07-16 19:02:34.257 +0300] [32mINFO[39m: [36mrequest completed[39m
    [35mhost[39m: "NIKITA-PC"
    [35mreq[39m: {
      "id": "b38dd25b-2cb4-45f0-a97d-a94c024a3399",
      "method": "GET",
      "url": "/api/v1/lists/curators",
      "query": {},
      "params": {},
      "headers": {
        "host": "localhost:5000",
        "connection": "close",
        "sec-ch-ua-platform": "\"Windows\"",
        "user-agent": "Mozilla/5.0 (Windows NT 10.0; Win64; x64) AppleWebKit/537.36 (KHTML, like Gecko) Code/1.127.0 Chrome/148.0.7778.97 Electron/42.2.0 Safari/537.36",
        "accept": "application/json, text/plain, */*",
        "sec-ch-ua": "\"Not/A)Brand\";v=\"99\", \"Chromium\";v=\"148\"",
        "sec-ch-ua-mobile": "?0",
        "sec-fetch-site": "same-origin",
        "sec-fetch-mode": "cors",
        "sec-fetch-dest": "empty",
        "referer": "http://localhost:3000/",
        "accept-encoding": "gzip, deflate, br, zstd",
        "accept-language": "ru",
        "cookie": "token=eyJhbGciOiJIUzI1NiIsInR5cCI6IkpXVCJ9.eyJpZCI6MTksInJvbGUiOiJ0ZWFjaGVyIiwiaWF0IjoxNzg0MjE3NzQ5LCJleHAiOjE3ODQzMDQxNDl9.jHQ8dkAm6P0f8GzkMtCk_tBlwMzZF8wNUGSAle2XOhQ",
        "if-none-match": "W/\"64-WgMUW9D+GNNE/hZkX5/K6FobkIU\""
      },
      "remoteAddress": "::ffff:127.0.0.1",
      "remotePort": 61531
    }
    [35mres[39m: {
      "statusCode": 304,
      "headers": {
        "content-security-policy": "default-src 'self';base-uri 'self';font-src 'self' https: data:;form-action 'self';frame-ancestors 'self';img-src 'self' data:;object-src 'none';script-src 'self';script-src-attr 'none';style-src 'self' https: 'unsafe-inline';upgrade-insecure-requests",
        "cross-origin-opener-policy": "same-origin",
        "cross-origin-resource-policy": "same-origin",
        "origin-agent-cluster": "?1",
        "referrer-policy": "no-referrer",
        "strict-transport-security": "max-age=31536000; includeSubDomains",
        "x-content-type-options": "nosniff",
        "x-dns-prefetch-control": "off",
        "x-download-options": "noopen",
        "x-frame-options": "SAMEORIGIN",
        "x-permitted-cross-domain-policies": "none",
        "x-xss-protection": "0",
        "access-control-allow-origin": "http://localhost:5173",
        "vary": "Origin",
        "access-control-allow-credentials": "true",
        "x-ratelimit-limit": "100",
        "x-ratelimit-remaining": "42",
        "date": "Thu, 16 Jul 2026 16:02:34 GMT",
        "x-ratelimit-reset": "1784218335",
        "etag": "W/\"64-WgMUW9D+GNNE/hZkX5/K6FobkIU\""
      }
    }
    [35mresponseTime[39m: 4
[2026-07-16 19:02:34.268 +0300] [32mINFO[39m: [36mrequest completed[39m
    [35mhost[39m: "NIKITA-PC"
    [35mreq[39m: {
      "id": "f91eb905-fa0c-4c21-a80e-7bee07222020",
      "method": "GET",
      "url": "/api/v1/groups?page=1&limit=15",
      "query": {
        "page": "1",
        "limit": "15"
      },
      "params": {},
      "headers": {
        "host": "localhost:5000",
        "connection": "close",
        "sec-ch-ua-platform": "\"Windows\"",
        "user-agent": "Mozilla/5.0 (Windows NT 10.0; Win64; x64) AppleWebKit/537.36 (KHTML, like Gecko) Code/1.127.0 Chrome/148.0.7778.97 Electron/42.2.0 Safari/537.36",
        "accept": "application/json, text/plain, */*",
        "sec-ch-ua": "\"Not/A)Brand\";v=\"99\", \"Chromium\";v=\"148\"",
        "sec-ch-ua-mobile": "?0",
        "sec-fetch-site": "same-origin",
        "sec-fetch-mode": "cors",
        "sec-fetch-dest": "empty",
        "referer": "http://localhost:3000/",
        "accept-encoding": "gzip, deflate, br, zstd",
        "accept-language": "ru",
        "cookie": "token=eyJhbGciOiJIUzI1NiIsInR5cCI6IkpXVCJ9.eyJpZCI6MTksInJvbGUiOiJ0ZWFjaGVyIiwiaWF0IjoxNzg0MjE3NzQ5LCJleHAiOjE3ODQzMDQxNDl9.jHQ8dkAm6P0f8GzkMtCk_tBlwMzZF8wNUGSAle2XOhQ",
        "if-none-match": "W/\"e4-V6rT+6l3oHRWaN+zrpovy/C74l8\""
      },
      "remoteAddress": "::ffff:127.0.0.1",
      "remotePort": 61534
    }
    [35mres[39m: {
      "statusCode": 304,
      "headers": {
        "content-security-policy": "default-src 'self';base-uri 'self';font-src 'self' https: data:;form-action 'self';frame-ancestors 'self';img-src 'self' data:;object-src 'none';script-src 'self';script-src-attr 'none';style-src 'self' https: 'unsafe-inline';upgrade-insecure-requests",
        "cross-origin-opener-policy": "same-origin",
        "cross-origin-resource-policy": "same-origin",
        "origin-agent-cluster": "?1",
        "referrer-policy": "no-referrer",
        "strict-transport-security": "max-age=31536000; includeSubDomains",
        "x-content-type-options": "nosniff",
        "x-dns-prefetch-control": "off",
        "x-download-options": "noopen",
        "x-frame-options": "SAMEORIGIN",
        "x-permitted-cross-domain-policies": "none",
        "x-xss-protection": "0",
        "access-control-allow-origin": "http://localhost:5173",
        "vary": "Origin",
        "access-control-allow-credentials": "true",
        "x-ratelimit-limit": "100",
        "x-ratelimit-remaining": "41",
        "date": "Thu, 16 Jul 2026 16:02:34 GMT",
        "x-ratelimit-reset": "1784218335",
        "etag": "W/\"e4-V6rT+6l3oHRWaN+zrpovy/C74l8\""
      }
    }
    [35mresponseTime[39m: 7
[2026-07-16 19:02:35.140 +0300] [32mINFO[39m: [36mrequest completed[39m
    [35mhost[39m: "NIKITA-PC"
    [35mreq[39m: {
      "id": "4c69fe85-5ac0-477b-82b0-bf877039c9f5",
      "method": "GET",
      "url": "/api/v1/groups/10/recipients",
      "query": {},
      "params": {},
      "headers": {
        "host": "localhost:5000",
        "connection": "close",
        "sec-ch-ua-platform": "\"Windows\"",
        "user-agent": "Mozilla/5.0 (Windows NT 10.0; Win64; x64) AppleWebKit/537.36 (KHTML, like Gecko) Code/1.127.0 Chrome/148.0.7778.97 Electron/42.2.0 Safari/537.36",
        "accept": "application/json, text/plain, */*",
        "sec-ch-ua": "\"Not/A)Brand\";v=\"99\", \"Chromium\";v=\"148\"",
        "sec-ch-ua-mobile": "?0",
        "sec-fetch-site": "same-origin",
        "sec-fetch-mode": "cors",
        "sec-fetch-dest": "empty",
        "referer": "http://localhost:3000/",
        "accept-encoding": "gzip, deflate, br, zstd",
        "accept-language": "ru",
        "cookie": "token=eyJhbGciOiJIUzI1NiIsInR5cCI6IkpXVCJ9.eyJpZCI6MTksInJvbGUiOiJ0ZWFjaGVyIiwiaWF0IjoxNzg0MjE3NzQ5LCJleHAiOjE3ODQzMDQxNDl9.jHQ8dkAm6P0f8GzkMtCk_tBlwMzZF8wNUGSAle2XOhQ",
        "if-none-match": "W/\"2-l9Fw4VUO7kr8CvBlt4zaMCqXZ0w\""
      },
      "remoteAddress": "::ffff:127.0.0.1",
      "remotePort": 61537
    }
    [35mres[39m: {
      "statusCode": 304,
      "headers": {
        "content-security-policy": "default-src 'self';base-uri 'self';font-src 'self' https: data:;form-action 'self';frame-ancestors 'self';img-src 'self' data:;object-src 'none';script-src 'self';script-src-attr 'none';style-src 'self' https: 'unsafe-inline';upgrade-insecure-requests",
        "cross-origin-opener-policy": "same-origin",
        "cross-origin-resource-policy": "same-origin",
        "origin-agent-cluster": "?1",
        "referrer-policy": "no-referrer",
        "strict-transport-security": "max-age=31536000; includeSubDomains",
        "x-content-type-options": "nosniff",
        "x-dns-prefetch-control": "off",
        "x-download-options": "noopen",
        "x-frame-options": "SAMEORIGIN",
        "x-permitted-cross-domain-policies": "none",
        "x-xss-protection": "0",
        "access-control-allow-origin": "http://localhost:5173",
        "vary": "Origin",
        "access-control-allow-credentials": "true",
        "x-ratelimit-limit": "100",
        "x-ratelimit-remaining": "40",
        "date": "Thu, 16 Jul 2026 16:02:35 GMT",
        "x-ratelimit-reset": "1784218335",
        "etag": "W/\"2-l9Fw4VUO7kr8CvBlt4zaMCqXZ0w\""
      }
    }
    [35mresponseTime[39m: 4
[2026-07-16 19:02:35.148 +0300] [32mINFO[39m: [36mrequest completed[39m
    [35mhost[39m: "NIKITA-PC"
    [35mreq[39m: {
      "id": "54f4eb42-ded5-4930-a9e9-d9c0c833d220",
      "method": "GET",
      "url": "/api/v1/recipients?page=1&limit=500",
      "query": {
        "page": "1",
        "limit": "500"
      },
      "params": {},
      "headers": {
        "host": "localhost:5000",
        "connection": "close",
        "sec-ch-ua-platform": "\"Windows\"",
        "user-agent": "Mozilla/5.0 (Windows NT 10.0; Win64; x64) AppleWebKit/537.36 (KHTML, like Gecko) Code/1.127.0 Chrome/148.0.7778.97 Electron/42.2.0 Safari/537.36",
        "accept": "application/json, text/plain, */*",
        "sec-ch-ua": "\"Not/A)Brand\";v=\"99\", \"Chromium\";v=\"148\"",
        "sec-ch-ua-mobile": "?0",
        "sec-fetch-site": "same-origin",
        "sec-fetch-mode": "cors",
        "sec-fetch-dest": "empty",
        "referer": "http://localhost:3000/",
        "accept-encoding": "gzip, deflate, br, zstd",
        "accept-language": "ru",
        "cookie": "token=eyJhbGciOiJIUzI1NiIsInR5cCI6IkpXVCJ9.eyJpZCI6MTksInJvbGUiOiJ0ZWFjaGVyIiwiaWF0IjoxNzg0MjE3NzQ5LCJleHAiOjE3ODQzMDQxNDl9.jHQ8dkAm6P0f8GzkMtCk_tBlwMzZF8wNUGSAle2XOhQ",
        "if-none-match": "W/\"8918-BvVBBRlAbEyZB1BFKWnPEsU8l6k\""
      },
      "remoteAddress": "::ffff:127.0.0.1",
      "remotePort": 61540
    }
    [35mres[39m: {
      "statusCode": 200,
      "headers": {
        "content-security-policy": "default-src 'self';base-uri 'self';font-src 'self' https: data:;form-action 'self';frame-ancestors 'self';img-src 'self' data:;object-src 'none';script-src 'self';script-src-attr 'none';style-src 'self' https: 'unsafe-inline';upgrade-insecure-requests",
        "cross-origin-opener-policy": "same-origin",
        "cross-origin-resource-policy": "same-origin",
        "origin-agent-cluster": "?1",
        "referrer-policy": "no-referrer",
        "strict-transport-security": "max-age=31536000; includeSubDomains",
        "x-content-type-options": "nosniff",
        "x-dns-prefetch-control": "off",
        "x-download-options": "noopen",
        "x-frame-options": "SAMEORIGIN",
        "x-permitted-cross-domain-policies": "none",
        "x-xss-protection": "0",
        "access-control-allow-origin": "http://localhost:5173",
        "vary": "Origin",
        "access-control-allow-credentials": "true",
        "x-ratelimit-limit": "100",
        "x-ratelimit-remaining": "39",
        "date": "Thu, 16 Jul 2026 16:02:35 GMT",
        "x-ratelimit-reset": "1784218335",
        "content-type": "application/json; charset=utf-8",
        "content-length": "57",
        "etag": "W/\"39-neK9oB/2aQlYUEr4XZpvv9vWdVo\""
      }
    }
    [35mresponseTime[39m: 3
[2026-07-16 19:02:37.468 +0300] [32mINFO[39m: [36mrequest completed[39m
    [35mhost[39m: "NIKITA-PC"
    [35mreq[39m: {
      "id": "7ecb23eb-1a57-422c-9c0f-389ef6be8d20",
      "method": "GET",
      "url": "/api/v1/diagnostics?recipientId=10&limit=100",
      "query": {
        "recipientId": "10",
        "limit": "100"
      },
      "params": {},
      "headers": {
        "host": "localhost:5000",
        "connection": "close",
        "sec-ch-ua-platform": "\"Windows\"",
        "user-agent": "Mozilla/5.0 (Windows NT 10.0; Win64; x64) AppleWebKit/537.36 (KHTML, like Gecko) Code/1.127.0 Chrome/148.0.7778.97 Electron/42.2.0 Safari/537.36",
        "accept": "application/json, text/plain, */*",
        "sec-ch-ua": "\"Not/A)Brand\";v=\"99\", \"Chromium\";v=\"148\"",
        "sec-ch-ua-mobile": "?0",
        "sec-fetch-site": "same-origin",
        "sec-fetch-mode": "cors",
        "sec-fetch-dest": "empty",
        "referer": "http://localhost:3000/",
        "accept-encoding": "gzip, deflate, br, zstd",
        "accept-language": "ru",
        "cookie": "token=eyJhbGciOiJIUzI1NiIsInR5cCI6IkpXVCJ9.eyJpZCI6MTksInJvbGUiOiJ0ZWFjaGVyIiwiaWF0IjoxNzg0MjE3NzQ5LCJleHAiOjE3ODQzMDQxNDl9.jHQ8dkAm6P0f8GzkMtCk_tBlwMzZF8wNUGSAle2XOhQ",
        "if-none-match": "W/\"39-XkVbnacRJJ9vqoaJ5iEHWYVpnLE\""
      },
      "remoteAddress": "::ffff:127.0.0.1",
      "remotePort": 61547
    }
    [35mres[39m: {
      "statusCode": 304,
      "headers": {
        "content-security-policy": "default-src 'self';base-uri 'self';font-src 'self' https: data:;form-action 'self';frame-ancestors 'self';img-src 'self' data:;object-src 'none';script-src 'self';script-src-attr 'none';style-src 'self' https: 'unsafe-inline';upgrade-insecure-requests",
        "cross-origin-opener-policy": "same-origin",
        "cross-origin-resource-policy": "same-origin",
        "origin-agent-cluster": "?1",
        "referrer-policy": "no-referrer",
        "strict-transport-security": "max-age=31536000; includeSubDomains",
        "x-content-type-options": "nosniff",
        "x-dns-prefetch-control": "off",
        "x-download-options": "noopen",
        "x-frame-options": "SAMEORIGIN",
        "x-permitted-cross-domain-policies": "none",
        "x-xss-protection": "0",
        "access-control-allow-origin": "http://localhost:5173",
        "vary": "Origin",
        "access-control-allow-credentials": "true",
        "x-ratelimit-limit": "100",
        "x-ratelimit-remaining": "38",
        "date": "Thu, 16 Jul 2026 16:02:37 GMT",
        "x-ratelimit-reset": "1784218335",
        "etag": "W/\"39-XkVbnacRJJ9vqoaJ5iEHWYVpnLE\""
      }
    }
    [35mresponseTime[39m: 16
[2026-07-16 19:02:37.468 +0300] [32mINFO[39m: [36mrequest completed[39m
    [35mhost[39m: "NIKITA-PC"
    [35mreq[39m: {
      "id": "eb5b52b5-53fe-45ed-b39b-de04aafb4360",
      "method": "GET",
      "url": "/api/v1/recipients?limit=300",
      "query": {
        "limit": "300"
      },
      "params": {},
      "headers": {
        "host": "localhost:5000",
        "connection": "close",
        "sec-ch-ua-platform": "\"Windows\"",
        "user-agent": "Mozilla/5.0 (Windows NT 10.0; Win64; x64) AppleWebKit/537.36 (KHTML, like Gecko) Code/1.127.0 Chrome/148.0.7778.97 Electron/42.2.0 Safari/537.36",
        "accept": "application/json, text/plain, */*",
        "sec-ch-ua": "\"Not/A)Brand\";v=\"99\", \"Chromium\";v=\"148\"",
        "sec-ch-ua-mobile": "?0",
        "sec-fetch-site": "same-origin",
        "sec-fetch-mode": "cors",
        "sec-fetch-dest": "empty",
        "referer": "http://localhost:3000/",
        "accept-encoding": "gzip, deflate, br, zstd",
        "accept-language": "ru",
        "cookie": "token=eyJhbGciOiJIUzI1NiIsInR5cCI6IkpXVCJ9.eyJpZCI6MTksInJvbGUiOiJ0ZWFjaGVyIiwiaWF0IjoxNzg0MjE3NzQ5LCJleHAiOjE3ODQzMDQxNDl9.jHQ8dkAm6P0f8GzkMtCk_tBlwMzZF8wNUGSAle2XOhQ",
        "if-none-match": "W/\"8918-VuC0x1XOV+LE57zPmf2dg+Ktg7U\""
      },
      "remoteAddress": "::ffff:127.0.0.1",
      "remotePort": 61548
    }
    [35mres[39m: {
      "statusCode": 200,
      "headers": {
        "content-security-policy": "default-src 'self';base-uri 'self';font-src 'self' https: data:;form-action 'self';frame-ancestors 'self';img-src 'self' data:;object-src 'none';script-src 'self';script-src-attr 'none';style-src 'self' https: 'unsafe-inline';upgrade-insecure-requests",
        "cross-origin-opener-policy": "same-origin",
        "cross-origin-resource-policy": "same-origin",
        "origin-agent-cluster": "?1",
        "referrer-policy": "no-referrer",
        "strict-transport-security": "max-age=31536000; includeSubDomains",
        "x-content-type-options": "nosniff",
        "x-dns-prefetch-control": "off",
        "x-download-options": "noopen",
        "x-frame-options": "SAMEORIGIN",
        "x-permitted-cross-domain-policies": "none",
        "x-xss-protection": "0",
        "access-control-allow-origin": "http://localhost:5173",
        "vary": "Origin",
        "access-control-allow-credentials": "true",
        "x-ratelimit-limit": "100",
        "x-ratelimit-remaining": "37",
        "date": "Thu, 16 Jul 2026 16:02:37 GMT",
        "x-ratelimit-reset": "1784218335",
        "content-type": "application/json; charset=utf-8",
        "content-length": "57",
        "etag": "W/\"39-p61tlFqUdihfCWozkLYdP1XZxv4\""
      }
    }
    [35mresponseTime[39m: 13
[2026-07-16 19:02:48.611 +0300] [32mINFO[39m: [36mrequest completed[39m
    [35mhost[39m: "NIKITA-PC"
    [35mreq[39m: {
      "id": "d0f739f3-5e3b-4c7e-bcc3-c0440b4a90b4",
      "method": "GET",
      "url": "/api/v1/lists/curators",
      "query": {},
      "params": {},
      "headers": {
        "host": "localhost:5000",
        "connection": "close",
        "sec-ch-ua-platform": "\"Windows\"",
        "user-agent": "Mozilla/5.0 (Windows NT 10.0; Win64; x64) AppleWebKit/537.36 (KHTML, like Gecko) Code/1.127.0 Chrome/148.0.7778.97 Electron/42.2.0 Safari/537.36",
        "accept": "application/json, text/plain, */*",
        "sec-ch-ua": "\"Not/A)Brand\";v=\"99\", \"Chromium\";v=\"148\"",
        "sec-ch-ua-mobile": "?0",
        "sec-fetch-site": "same-origin",
        "sec-fetch-mode": "cors",
        "sec-fetch-dest": "empty",
        "referer": "http://localhost:3000/",
        "accept-encoding": "gzip, deflate, br, zstd",
        "accept-language": "ru",
        "cookie": "token=eyJhbGciOiJIUzI1NiIsInR5cCI6IkpXVCJ9.eyJpZCI6MTksInJvbGUiOiJ0ZWFjaGVyIiwiaWF0IjoxNzg0MjE3NzQ5LCJleHAiOjE3ODQzMDQxNDl9.jHQ8dkAm6P0f8GzkMtCk_tBlwMzZF8wNUGSAle2XOhQ",
        "if-none-match": "W/\"64-WgMUW9D+GNNE/hZkX5/K6FobkIU\""
      },
      "remoteAddress": "::ffff:127.0.0.1",
      "remotePort": 61565
    }
    [35mres[39m: {
      "statusCode": 304,
      "headers": {
        "content-security-policy": "default-src 'self';base-uri 'self';font-src 'self' https: data:;form-action 'self';frame-ancestors 'self';img-src 'self' data:;object-src 'none';script-src 'self';script-src-attr 'none';style-src 'self' https: 'unsafe-inline';upgrade-insecure-requests",
        "cross-origin-opener-policy": "same-origin",
        "cross-origin-resource-policy": "same-origin",
        "origin-agent-cluster": "?1",
        "referrer-policy": "no-referrer",
        "strict-transport-security": "max-age=31536000; includeSubDomains",
        "x-content-type-options": "nosniff",
        "x-dns-prefetch-control": "off",
        "x-download-options": "noopen",
        "x-frame-options": "SAMEORIGIN",
        "x-permitted-cross-domain-policies": "none",
        "x-xss-protection": "0",
        "access-control-allow-origin": "http://localhost:5173",
        "vary": "Origin",
        "access-control-allow-credentials": "true",
        "x-ratelimit-limit": "100",
        "x-ratelimit-remaining": "36",
        "date": "Thu, 16 Jul 2026 16:02:48 GMT",
        "x-ratelimit-reset": "1784218335",
        "etag": "W/\"64-WgMUW9D+GNNE/hZkX5/K6FobkIU\""
      }
    }
    [35mresponseTime[39m: 5
[2026-07-16 19:02:48.623 +0300] [32mINFO[39m: [36mrequest completed[39m
    [35mhost[39m: "NIKITA-PC"
    [35mreq[39m: {
      "id": "5f898474-c0ef-4f9d-9808-f6730db0d0b0",
      "method": "GET",
      "url": "/api/v1/groups?page=1&limit=15",
      "query": {
        "page": "1",
        "limit": "15"
      },
      "params": {},
      "headers": {
        "host": "localhost:5000",
        "connection": "close",
        "sec-ch-ua-platform": "\"Windows\"",
        "user-agent": "Mozilla/5.0 (Windows NT 10.0; Win64; x64) AppleWebKit/537.36 (KHTML, like Gecko) Code/1.127.0 Chrome/148.0.7778.97 Electron/42.2.0 Safari/537.36",
        "accept": "application/json, text/plain, */*",
        "sec-ch-ua": "\"Not/A)Brand\";v=\"99\", \"Chromium\";v=\"148\"",
        "sec-ch-ua-mobile": "?0",
        "sec-fetch-site": "same-origin",
        "sec-fetch-mode": "cors",
        "sec-fetch-dest": "empty",
        "referer": "http://localhost:3000/",
        "accept-encoding": "gzip, deflate, br, zstd",
        "accept-language": "ru",
        "cookie": "token=eyJhbGciOiJIUzI1NiIsInR5cCI6IkpXVCJ9.eyJpZCI6MTksInJvbGUiOiJ0ZWFjaGVyIiwiaWF0IjoxNzg0MjE3NzQ5LCJleHAiOjE3ODQzMDQxNDl9.jHQ8dkAm6P0f8GzkMtCk_tBlwMzZF8wNUGSAle2XOhQ",
        "if-none-match": "W/\"e4-V6rT+6l3oHRWaN+zrpovy/C74l8\""
      },
      "remoteAddress": "::ffff:127.0.0.1",
      "remotePort": 61569
    }
    [35mres[39m: {
      "statusCode": 304,
      "headers": {
        "content-security-policy": "default-src 'self';base-uri 'self';font-src 'self' https: data:;form-action 'self';frame-ancestors 'self';img-src 'self' data:;object-src 'none';script-src 'self';script-src-attr 'none';style-src 'self' https: 'unsafe-inline';upgrade-insecure-requests",
        "cross-origin-opener-policy": "same-origin",
        "cross-origin-resource-policy": "same-origin",
        "origin-agent-cluster": "?1",
        "referrer-policy": "no-referrer",
        "strict-transport-security": "max-age=31536000; includeSubDomains",
        "x-content-type-options": "nosniff",
        "x-dns-prefetch-control": "off",
        "x-download-options": "noopen",
        "x-frame-options": "SAMEORIGIN",
        "x-permitted-cross-domain-policies": "none",
        "x-xss-protection": "0",
        "access-control-allow-origin": "http://localhost:5173",
        "vary": "Origin",
        "access-control-allow-credentials": "true",
        "x-ratelimit-limit": "100",
        "x-ratelimit-remaining": "35",
        "date": "Thu, 16 Jul 2026 16:02:48 GMT",
        "x-ratelimit-reset": "1784218335",
        "etag": "W/\"e4-V6rT+6l3oHRWaN+zrpovy/C74l8\""
      }
    }
    [35mresponseTime[39m: 8
[2026-07-16 19:02:49.554 +0300] [32mINFO[39m: [36mrequest completed[39m
    [35mhost[39m: "NIKITA-PC"
    [35mreq[39m: {
      "id": "91e15dcd-40d5-45a2-8f73-1b71177d4bfa",
      "method": "GET",
      "url": "/api/v1/recipients?page=1&limit=15",
      "query": {
        "page": "1",
        "limit": "15"
      },
      "params": {},
      "headers": {
        "host": "localhost:5000",
        "connection": "close",
        "sec-ch-ua-platform": "\"Windows\"",
        "user-agent": "Mozilla/5.0 (Windows NT 10.0; Win64; x64) AppleWebKit/537.36 (KHTML, like Gecko) Code/1.127.0 Chrome/148.0.7778.97 Electron/42.2.0 Safari/537.36",
        "accept": "application/json, text/plain, */*",
        "sec-ch-ua": "\"Not/A)Brand\";v=\"99\", \"Chromium\";v=\"148\"",
        "sec-ch-ua-mobile": "?0",
        "sec-fetch-site": "same-origin",
        "sec-fetch-mode": "cors",
        "sec-fetch-dest": "empty",
        "referer": "http://localhost:3000/",
        "accept-encoding": "gzip, deflate, br, zstd",
        "accept-language": "ru",
        "cookie": "token=eyJhbGciOiJIUzI1NiIsInR5cCI6IkpXVCJ9.eyJpZCI6MTksInJvbGUiOiJ0ZWFjaGVyIiwiaWF0IjoxNzg0MjE3NzQ5LCJleHAiOjE3ODQzMDQxNDl9.jHQ8dkAm6P0f8GzkMtCk_tBlwMzZF8wNUGSAle2XOhQ",
        "if-none-match": "W/\"38-4FUF0FaRKmfJx/Y5csu09YQD0dc\""
      },
      "remoteAddress": "::ffff:127.0.0.1",
      "remotePort": 61575
    }
    [35mres[39m: {
      "statusCode": 304,
      "headers": {
        "content-security-policy": "default-src 'self';base-uri 'self';font-src 'self' https: data:;form-action 'self';frame-ancestors 'self';img-src 'self' data:;object-src 'none';script-src 'self';script-src-attr 'none';style-src 'self' https: 'unsafe-inline';upgrade-insecure-requests",
        "cross-origin-opener-policy": "same-origin",
        "cross-origin-resource-policy": "same-origin",
        "origin-agent-cluster": "?1",
        "referrer-policy": "no-referrer",
        "strict-transport-security": "max-age=31536000; includeSubDomains",
        "x-content-type-options": "nosniff",
        "x-dns-prefetch-control": "off",
        "x-download-options": "noopen",
        "x-frame-options": "SAMEORIGIN",
        "x-permitted-cross-domain-policies": "none",
        "x-xss-protection": "0",
        "access-control-allow-origin": "http://localhost:5173",
        "vary": "Origin",
        "access-control-allow-credentials": "true",
        "x-ratelimit-limit": "100",
        "x-ratelimit-remaining": "34",
        "date": "Thu, 16 Jul 2026 16:02:49 GMT",
        "x-ratelimit-reset": "1784218335",
        "etag": "W/\"38-4FUF0FaRKmfJx/Y5csu09YQD0dc\""
      }
    }
    [35mresponseTime[39m: 9
[2026-07-16 19:02:49.556 +0300] [32mINFO[39m: [36mrequest completed[39m
    [35mhost[39m: "NIKITA-PC"
    [35mreq[39m: {
      "id": "fa8f72f5-10ba-4be8-8427-8b52e6886a15",
      "method": "GET",
      "url": "/api/v1/groups",
      "query": {},
      "params": {},
      "headers": {
        "host": "localhost:5000",
        "connection": "close",
        "sec-ch-ua-platform": "\"Windows\"",
        "user-agent": "Mozilla/5.0 (Windows NT 10.0; Win64; x64) AppleWebKit/537.36 (KHTML, like Gecko) Code/1.127.0 Chrome/148.0.7778.97 Electron/42.2.0 Safari/537.36",
        "accept": "application/json, text/plain, */*",
        "sec-ch-ua": "\"Not/A)Brand\";v=\"99\", \"Chromium\";v=\"148\"",
        "sec-ch-ua-mobile": "?0",
        "sec-fetch-site": "same-origin",
        "sec-fetch-mode": "cors",
        "sec-fetch-dest": "empty",
        "referer": "http://localhost:3000/",
        "accept-encoding": "gzip, deflate, br, zstd",
        "accept-language": "ru",
        "cookie": "token=eyJhbGciOiJIUzI1NiIsInR5cCI6IkpXVCJ9.eyJpZCI6MTksInJvbGUiOiJ0ZWFjaGVyIiwiaWF0IjoxNzg0MjE3NzQ5LCJleHAiOjE3ODQzMDQxNDl9.jHQ8dkAm6P0f8GzkMtCk_tBlwMzZF8wNUGSAle2XOhQ",
        "if-none-match": "W/\"e4-V6rT+6l3oHRWaN+zrpovy/C74l8\""
      },
      "remoteAddress": "::ffff:127.0.0.1",
      "remotePort": 61576
    }
    [35mres[39m: {
      "statusCode": 304,
      "headers": {
        "content-security-policy": "default-src 'self';base-uri 'self';font-src 'self' https: data:;form-action 'self';frame-ancestors 'self';img-src 'self' data:;object-src 'none';script-src 'self';script-src-attr 'none';style-src 'self' https: 'unsafe-inline';upgrade-insecure-requests",
        "cross-origin-opener-policy": "same-origin",
        "cross-origin-resource-policy": "same-origin",
        "origin-agent-cluster": "?1",
        "referrer-policy": "no-referrer",
        "strict-transport-security": "max-age=31536000; includeSubDomains",
        "x-content-type-options": "nosniff",
        "x-dns-prefetch-control": "off",
        "x-download-options": "noopen",
        "x-frame-options": "SAMEORIGIN",
        "x-permitted-cross-domain-policies": "none",
        "x-xss-protection": "0",
        "access-control-allow-origin": "http://localhost:5173",
        "vary": "Origin",
        "access-control-allow-credentials": "true",
        "x-ratelimit-limit": "100",
        "x-ratelimit-remaining": "33",
        "date": "Thu, 16 Jul 2026 16:02:49 GMT",
        "x-ratelimit-reset": "1784218335",
        "etag": "W/\"e4-V6rT+6l3oHRWaN+zrpovy/C74l8\""
      }
    }
    [35mresponseTime[39m: 10
[2026-07-16 19:02:55.881 +0300] [32mINFO[39m: [36mrequest completed[39m
    [35mhost[39m: "NIKITA-PC"
    [35mreq[39m: {
      "id": "6bc0917f-30a7-45bc-9747-8ff87266a396",
      "method": "GET",
      "url": "/api/v1/lists/curators",
      "query": {},
      "params": {},
      "headers": {
        "host": "localhost:5000",
        "connection": "close",
        "sec-ch-ua-platform": "\"Windows\"",
        "user-agent": "Mozilla/5.0 (Windows NT 10.0; Win64; x64) AppleWebKit/537.36 (KHTML, like Gecko) Code/1.127.0 Chrome/148.0.7778.97 Electron/42.2.0 Safari/537.36",
        "accept": "application/json, text/plain, */*",
        "sec-ch-ua": "\"Not/A)Brand\";v=\"99\", \"Chromium\";v=\"148\"",
        "sec-ch-ua-mobile": "?0",
        "sec-fetch-site": "same-origin",
        "sec-fetch-mode": "cors",
        "sec-fetch-dest": "empty",
        "referer": "http://localhost:3000/",
        "accept-encoding": "gzip, deflate, br, zstd",
        "accept-language": "ru",
        "cookie": "token=eyJhbGciOiJIUzI1NiIsInR5cCI6IkpXVCJ9.eyJpZCI6MTksInJvbGUiOiJ0ZWFjaGVyIiwiaWF0IjoxNzg0MjE3NzQ5LCJleHAiOjE3ODQzMDQxNDl9.jHQ8dkAm6P0f8GzkMtCk_tBlwMzZF8wNUGSAle2XOhQ",
        "if-none-match": "W/\"64-WgMUW9D+GNNE/hZkX5/K6FobkIU\""
      },
      "remoteAddress": "::ffff:127.0.0.1",
      "remotePort": 61584
    }
    [35mres[39m: {
      "statusCode": 304,
      "headers": {
        "content-security-policy": "default-src 'self';base-uri 'self';font-src 'self' https: data:;form-action 'self';frame-ancestors 'self';img-src 'self' data:;object-src 'none';script-src 'self';script-src-attr 'none';style-src 'self' https: 'unsafe-inline';upgrade-insecure-requests",
        "cross-origin-opener-policy": "same-origin",
        "cross-origin-resource-policy": "same-origin",
        "origin-agent-cluster": "?1",
        "referrer-policy": "no-referrer",
        "strict-transport-security": "max-age=31536000; includeSubDomains",
        "x-content-type-options": "nosniff",
        "x-dns-prefetch-control": "off",
        "x-download-options": "noopen",
        "x-frame-options": "SAMEORIGIN",
        "x-permitted-cross-domain-policies": "none",
        "x-xss-protection": "0",
        "access-control-allow-origin": "http://localhost:5173",
        "vary": "Origin",
        "access-control-allow-credentials": "true",
        "x-ratelimit-limit": "100",
        "x-ratelimit-remaining": "32",
        "date": "Thu, 16 Jul 2026 16:02:55 GMT",
        "x-ratelimit-reset": "1784218335",
        "etag": "W/\"64-WgMUW9D+GNNE/hZkX5/K6FobkIU\""
      }
    }
    [35mresponseTime[39m: 4
[2026-07-16 19:02:55.893 +0300] [32mINFO[39m: [36mrequest completed[39m
    [35mhost[39m: "NIKITA-PC"
    [35mreq[39m: {
      "id": "a4f0da93-6795-4911-86a7-3a08c6f66e1c",
      "method": "GET",
      "url": "/api/v1/groups?page=1&limit=15",
      "query": {
        "page": "1",
        "limit": "15"
      },
      "params": {},
      "headers": {
        "host": "localhost:5000",
        "connection": "close",
        "sec-ch-ua-platform": "\"Windows\"",
        "user-agent": "Mozilla/5.0 (Windows NT 10.0; Win64; x64) AppleWebKit/537.36 (KHTML, like Gecko) Code/1.127.0 Chrome/148.0.7778.97 Electron/42.2.0 Safari/537.36",
        "accept": "application/json, text/plain, */*",
        "sec-ch-ua": "\"Not/A)Brand\";v=\"99\", \"Chromium\";v=\"148\"",
        "sec-ch-ua-mobile": "?0",
        "sec-fetch-site": "same-origin",
        "sec-fetch-mode": "cors",
        "sec-fetch-dest": "empty",
        "referer": "http://localhost:3000/",
        "accept-encoding": "gzip, deflate, br, zstd",
        "accept-language": "ru",
        "cookie": "token=eyJhbGciOiJIUzI1NiIsInR5cCI6IkpXVCJ9.eyJpZCI6MTksInJvbGUiOiJ0ZWFjaGVyIiwiaWF0IjoxNzg0MjE3NzQ5LCJleHAiOjE3ODQzMDQxNDl9.jHQ8dkAm6P0f8GzkMtCk_tBlwMzZF8wNUGSAle2XOhQ",
        "if-none-match": "W/\"e4-V6rT+6l3oHRWaN+zrpovy/C74l8\""
      },
      "remoteAddress": "::ffff:127.0.0.1",
      "remotePort": 61587
    }
    [35mres[39m: {
      "statusCode": 304,
      "headers": {
        "content-security-policy": "default-src 'self';base-uri 'self';font-src 'self' https: data:;form-action 'self';frame-ancestors 'self';img-src 'self' data:;object-src 'none';script-src 'self';script-src-attr 'none';style-src 'self' https: 'unsafe-inline';upgrade-insecure-requests",
        "cross-origin-opener-policy": "same-origin",
        "cross-origin-resource-policy": "same-origin",
        "origin-agent-cluster": "?1",
        "referrer-policy": "no-referrer",
        "strict-transport-security": "max-age=31536000; includeSubDomains",
        "x-content-type-options": "nosniff",
        "x-dns-prefetch-control": "off",
        "x-download-options": "noopen",
        "x-frame-options": "SAMEORIGIN",
        "x-permitted-cross-domain-policies": "none",
        "x-xss-protection": "0",
        "access-control-allow-origin": "http://localhost:5173",
        "vary": "Origin",
        "access-control-allow-credentials": "true",
        "x-ratelimit-limit": "100",
        "x-ratelimit-remaining": "31",
        "date": "Thu, 16 Jul 2026 16:02:55 GMT",
        "x-ratelimit-reset": "1784218335",
        "etag": "W/\"e4-V6rT+6l3oHRWaN+zrpovy/C74l8\""
      }
    }
    [35mresponseTime[39m: 8
[2026-07-16 19:02:58.183 +0300] [32mINFO[39m: [36mrequest completed[39m
    [35mhost[39m: "NIKITA-PC"
    [35mreq[39m: {
      "id": "17b5c2de-485f-4ad8-bb65-d02902495a29",
      "method": "GET",
      "url": "/api/v1/recipients?page=1&limit=15",
      "query": {
        "page": "1",
        "limit": "15"
      },
      "params": {},
      "headers": {
        "host": "localhost:5000",
        "connection": "close",
        "sec-ch-ua-platform": "\"Windows\"",
        "user-agent": "Mozilla/5.0 (Windows NT 10.0; Win64; x64) AppleWebKit/537.36 (KHTML, like Gecko) Code/1.127.0 Chrome/148.0.7778.97 Electron/42.2.0 Safari/537.36",
        "accept": "application/json, text/plain, */*",
        "sec-ch-ua": "\"Not/A)Brand\";v=\"99\", \"Chromium\";v=\"148\"",
        "sec-ch-ua-mobile": "?0",
        "sec-fetch-site": "same-origin",
        "sec-fetch-mode": "cors",
        "sec-fetch-dest": "empty",
        "referer": "http://localhost:3000/",
        "accept-encoding": "gzip, deflate, br, zstd",
        "accept-language": "ru",
        "cookie": "token=eyJhbGciOiJIUzI1NiIsInR5cCI6IkpXVCJ9.eyJpZCI6MTksInJvbGUiOiJ0ZWFjaGVyIiwiaWF0IjoxNzg0MjE3NzQ5LCJleHAiOjE3ODQzMDQxNDl9.jHQ8dkAm6P0f8GzkMtCk_tBlwMzZF8wNUGSAle2XOhQ",
        "if-none-match": "W/\"38-4FUF0FaRKmfJx/Y5csu09YQD0dc\""
      },
      "remoteAddress": "::ffff:127.0.0.1",
      "remotePort": 61594
    }
    [35mres[39m: {
      "statusCode": 304,
      "headers": {
        "content-security-policy": "default-src 'self';base-uri 'self';font-src 'self' https: data:;form-action 'self';frame-ancestors 'self';img-src 'self' data:;object-src 'none';script-src 'self';script-src-attr 'none';style-src 'self' https: 'unsafe-inline';upgrade-insecure-requests",
        "cross-origin-opener-policy": "same-origin",
        "cross-origin-resource-policy": "same-origin",
        "origin-agent-cluster": "?1",
        "referrer-policy": "no-referrer",
        "strict-transport-security": "max-age=31536000; includeSubDomains",
        "x-content-type-options": "nosniff",
        "x-dns-prefetch-control": "off",
        "x-download-options": "noopen",
        "x-frame-options": "SAMEORIGIN",
        "x-permitted-cross-domain-policies": "none",
        "x-xss-protection": "0",
        "access-control-allow-origin": "http://localhost:5173",
        "vary": "Origin",
        "access-control-allow-credentials": "true",
        "x-ratelimit-limit": "100",
        "x-ratelimit-remaining": "30",
        "date": "Thu, 16 Jul 2026 16:02:58 GMT",
        "x-ratelimit-reset": "1784218335",
        "etag": "W/\"38-4FUF0FaRKmfJx/Y5csu09YQD0dc\""
      }
    }
    [35mresponseTime[39m: 8
[2026-07-16 19:02:58.184 +0300] [32mINFO[39m: [36mrequest completed[39m
    [35mhost[39m: "NIKITA-PC"
    [35mreq[39m: {
      "id": "ea52da15-03c1-45b5-8ebb-84792b44879e",
      "method": "GET",
      "url": "/api/v1/groups",
      "query": {},
      "params": {},
      "headers": {
        "host": "localhost:5000",
        "connection": "close",
        "sec-ch-ua-platform": "\"Windows\"",
        "user-agent": "Mozilla/5.0 (Windows NT 10.0; Win64; x64) AppleWebKit/537.36 (KHTML, like Gecko) Code/1.127.0 Chrome/148.0.7778.97 Electron/42.2.0 Safari/537.36",
        "accept": "application/json, text/plain, */*",
        "sec-ch-ua": "\"Not/A)Brand\";v=\"99\", \"Chromium\";v=\"148\"",
        "sec-ch-ua-mobile": "?0",
        "sec-fetch-site": "same-origin",
        "sec-fetch-mode": "cors",
        "sec-fetch-dest": "empty",
        "referer": "http://localhost:3000/",
        "accept-encoding": "gzip, deflate, br, zstd",
        "accept-language": "ru",
        "cookie": "token=eyJhbGciOiJIUzI1NiIsInR5cCI6IkpXVCJ9.eyJpZCI6MTksInJvbGUiOiJ0ZWFjaGVyIiwiaWF0IjoxNzg0MjE3NzQ5LCJleHAiOjE3ODQzMDQxNDl9.jHQ8dkAm6P0f8GzkMtCk_tBlwMzZF8wNUGSAle2XOhQ",
        "if-none-match": "W/\"e4-V6rT+6l3oHRWaN+zrpovy/C74l8\""
      },
      "remoteAddress": "::ffff:127.0.0.1",
      "remotePort": 61595
    }
    [35mres[39m: {
      "statusCode": 304,
      "headers": {
        "content-security-policy": "default-src 'self';base-uri 'self';font-src 'self' https: data:;form-action 'self';frame-ancestors 'self';img-src 'self' data:;object-src 'none';script-src 'self';script-src-attr 'none';style-src 'self' https: 'unsafe-inline';upgrade-insecure-requests",
        "cross-origin-opener-policy": "same-origin",
        "cross-origin-resource-policy": "same-origin",
        "origin-agent-cluster": "?1",
        "referrer-policy": "no-referrer",
        "strict-transport-security": "max-age=31536000; includeSubDomains",
        "x-content-type-options": "nosniff",
        "x-dns-prefetch-control": "off",
        "x-download-options": "noopen",
        "x-frame-options": "SAMEORIGIN",
        "x-permitted-cross-domain-policies": "none",
        "x-xss-protection": "0",
        "access-control-allow-origin": "http://localhost:5173",
        "vary": "Origin",
        "access-control-allow-credentials": "true",
        "x-ratelimit-limit": "100",
        "x-ratelimit-remaining": "29",
        "date": "Thu, 16 Jul 2026 16:02:58 GMT",
        "x-ratelimit-reset": "1784218335",
        "etag": "W/\"e4-V6rT+6l3oHRWaN+zrpovy/C74l8\""
      }
    }
    [35mresponseTime[39m: 7
[2026-07-16 19:02:59.304 +0300] [32mINFO[39m: [36mrequest completed[39m
    [35mhost[39m: "NIKITA-PC"
    [35mreq[39m: {
      "id": "28a25239-80dc-48ed-b33f-cc5ec0c2a078",
      "method": "GET",
      "url": "/api/v1/recipients?page=1&limit=15",
      "query": {
        "page": "1",
        "limit": "15"
      },
      "params": {},
      "headers": {
        "host": "localhost:5000",
        "connection": "close",
        "sec-ch-ua-platform": "\"Windows\"",
        "user-agent": "Mozilla/5.0 (Windows NT 10.0; Win64; x64) AppleWebKit/537.36 (KHTML, like Gecko) Code/1.127.0 Chrome/148.0.7778.97 Electron/42.2.0 Safari/537.36",
        "accept": "application/json, text/plain, */*",
        "sec-ch-ua": "\"Not/A)Brand\";v=\"99\", \"Chromium\";v=\"148\"",
        "sec-ch-ua-mobile": "?0",
        "sec-fetch-site": "same-origin",
        "sec-fetch-mode": "cors",
        "sec-fetch-dest": "empty",
        "referer": "http://localhost:3000/",
        "accept-encoding": "gzip, deflate, br, zstd",
        "accept-language": "ru",
        "cookie": "token=eyJhbGciOiJIUzI1NiIsInR5cCI6IkpXVCJ9.eyJpZCI6MTksInJvbGUiOiJ0ZWFjaGVyIiwiaWF0IjoxNzg0MjE3NzQ5LCJleHAiOjE3ODQzMDQxNDl9.jHQ8dkAm6P0f8GzkMtCk_tBlwMzZF8wNUGSAle2XOhQ",
        "if-none-match": "W/\"38-4FUF0FaRKmfJx/Y5csu09YQD0dc\""
      },
      "remoteAddress": "::ffff:127.0.0.1",
      "remotePort": 61598
    }
    [35mres[39m: {
      "statusCode": 304,
      "headers": {
        "content-security-policy": "default-src 'self';base-uri 'self';font-src 'self' https: data:;form-action 'self';frame-ancestors 'self';img-src 'self' data:;object-src 'none';script-src 'self';script-src-attr 'none';style-src 'self' https: 'unsafe-inline';upgrade-insecure-requests",
        "cross-origin-opener-policy": "same-origin",
        "cross-origin-resource-policy": "same-origin",
        "origin-agent-cluster": "?1",
        "referrer-policy": "no-referrer",
        "strict-transport-security": "max-age=31536000; includeSubDomains",
        "x-content-type-options": "nosniff",
        "x-dns-prefetch-control": "off",
        "x-download-options": "noopen",
        "x-frame-options": "SAMEORIGIN",
        "x-permitted-cross-domain-policies": "none",
        "x-xss-protection": "0",
        "access-control-allow-origin": "http://localhost:5173",
        "vary": "Origin",
        "access-control-allow-credentials": "true",
        "x-ratelimit-limit": "100",
        "x-ratelimit-remaining": "28",
        "date": "Thu, 16 Jul 2026 16:02:59 GMT",
        "x-ratelimit-reset": "1784218335",
        "etag": "W/\"38-4FUF0FaRKmfJx/Y5csu09YQD0dc\""
      }
    }
    [35mresponseTime[39m: 3
[2026-07-16 19:03:00.528 +0300] [32mINFO[39m: [36mrequest completed[39m
    [35mhost[39m: "NIKITA-PC"
    [35mreq[39m: {
      "id": "c2b5dcf0-c84a-4537-b711-e6906757f1f3",
      "method": "GET",
      "url": "/api/v1/diagnostics?recipientId=10&limit=100",
      "query": {
        "recipientId": "10",
        "limit": "100"
      },
      "params": {},
      "headers": {
        "host": "localhost:5000",
        "connection": "close",
        "sec-ch-ua-platform": "\"Windows\"",
        "user-agent": "Mozilla/5.0 (Windows NT 10.0; Win64; x64) AppleWebKit/537.36 (KHTML, like Gecko) Code/1.127.0 Chrome/148.0.7778.97 Electron/42.2.0 Safari/537.36",
        "accept": "application/json, text/plain, */*",
        "sec-ch-ua": "\"Not/A)Brand\";v=\"99\", \"Chromium\";v=\"148\"",
        "sec-ch-ua-mobile": "?0",
        "sec-fetch-site": "same-origin",
        "sec-fetch-mode": "cors",
        "sec-fetch-dest": "empty",
        "referer": "http://localhost:3000/",
        "accept-encoding": "gzip, deflate, br, zstd",
        "accept-language": "ru",
        "cookie": "token=eyJhbGciOiJIUzI1NiIsInR5cCI6IkpXVCJ9.eyJpZCI6MTksInJvbGUiOiJ0ZWFjaGVyIiwiaWF0IjoxNzg0MjE3NzQ5LCJleHAiOjE3ODQzMDQxNDl9.jHQ8dkAm6P0f8GzkMtCk_tBlwMzZF8wNUGSAle2XOhQ",
        "if-none-match": "W/\"39-XkVbnacRJJ9vqoaJ5iEHWYVpnLE\""
      },
      "remoteAddress": "::ffff:127.0.0.1",
      "remotePort": 61605
    }
    [35mres[39m: {
      "statusCode": 304,
      "headers": {
        "content-security-policy": "default-src 'self';base-uri 'self';font-src 'self' https: data:;form-action 'self';frame-ancestors 'self';img-src 'self' data:;object-src 'none';script-src 'self';script-src-attr 'none';style-src 'self' https: 'unsafe-inline';upgrade-insecure-requests",
        "cross-origin-opener-policy": "same-origin",
        "cross-origin-resource-policy": "same-origin",
        "origin-agent-cluster": "?1",
        "referrer-policy": "no-referrer",
        "strict-transport-security": "max-age=31536000; includeSubDomains",
        "x-content-type-options": "nosniff",
        "x-dns-prefetch-control": "off",
        "x-download-options": "noopen",
        "x-frame-options": "SAMEORIGIN",
        "x-permitted-cross-domain-policies": "none",
        "x-xss-protection": "0",
        "access-control-allow-origin": "http://localhost:5173",
        "vary": "Origin",
        "access-control-allow-credentials": "true",
        "x-ratelimit-limit": "100",
        "x-ratelimit-remaining": "27",
        "date": "Thu, 16 Jul 2026 16:03:00 GMT",
        "x-ratelimit-reset": "1784218335",
        "etag": "W/\"39-XkVbnacRJJ9vqoaJ5iEHWYVpnLE\""
      }
    }
    [35mresponseTime[39m: 17
[2026-07-16 19:03:00.528 +0300] [32mINFO[39m: [36mrequest completed[39m
    [35mhost[39m: "NIKITA-PC"
    [35mreq[39m: {
      "id": "a48a7ac9-a456-4048-b004-255c0931d851",
      "method": "GET",
      "url": "/api/v1/recipients?limit=300",
      "query": {
        "limit": "300"
      },
      "params": {},
      "headers": {
        "host": "localhost:5000",
        "connection": "close",
        "sec-ch-ua-platform": "\"Windows\"",
        "user-agent": "Mozilla/5.0 (Windows NT 10.0; Win64; x64) AppleWebKit/537.36 (KHTML, like Gecko) Code/1.127.0 Chrome/148.0.7778.97 Electron/42.2.0 Safari/537.36",
        "accept": "application/json, text/plain, */*",
        "sec-ch-ua": "\"Not/A)Brand\";v=\"99\", \"Chromium\";v=\"148\"",
        "sec-ch-ua-mobile": "?0",
        "sec-fetch-site": "same-origin",
        "sec-fetch-mode": "cors",
        "sec-fetch-dest": "empty",
        "referer": "http://localhost:3000/",
        "accept-encoding": "gzip, deflate, br, zstd",
        "accept-language": "ru",
        "cookie": "token=eyJhbGciOiJIUzI1NiIsInR5cCI6IkpXVCJ9.eyJpZCI6MTksInJvbGUiOiJ0ZWFjaGVyIiwiaWF0IjoxNzg0MjE3NzQ5LCJleHAiOjE3ODQzMDQxNDl9.jHQ8dkAm6P0f8GzkMtCk_tBlwMzZF8wNUGSAle2XOhQ",
        "if-none-match": "W/\"39-p61tlFqUdihfCWozkLYdP1XZxv4\""
      },
      "remoteAddress": "::ffff:127.0.0.1",
      "remotePort": 61606
    }
    [35mres[39m: {
      "statusCode": 304,
      "headers": {
        "content-security-policy": "default-src 'self';base-uri 'self';font-src 'self' https: data:;form-action 'self';frame-ancestors 'self';img-src 'self' data:;object-src 'none';script-src 'self';script-src-attr 'none';style-src 'self' https: 'unsafe-inline';upgrade-insecure-requests",
        "cross-origin-opener-policy": "same-origin",
        "cross-origin-resource-policy": "same-origin",
        "origin-agent-cluster": "?1",
        "referrer-policy": "no-referrer",
        "strict-transport-security": "max-age=31536000; includeSubDomains",
        "x-content-type-options": "nosniff",
        "x-dns-prefetch-control": "off",
        "x-download-options": "noopen",
        "x-frame-options": "SAMEORIGIN",
        "x-permitted-cross-domain-policies": "none",
        "x-xss-protection": "0",
        "access-control-allow-origin": "http://localhost:5173",
        "vary": "Origin",
        "access-control-allow-credentials": "true",
        "x-ratelimit-limit": "100",
        "x-ratelimit-remaining": "26",
        "date": "Thu, 16 Jul 2026 16:03:00 GMT",
        "x-ratelimit-reset": "1784218335",
        "etag": "W/\"39-p61tlFqUdihfCWozkLYdP1XZxv4\""
      }
    }
    [35mresponseTime[39m: 14
[2026-07-16 19:03:01.580 +0300] [32mINFO[39m: [36mrequest completed[39m
    [35mhost[39m: "NIKITA-PC"
    [35mreq[39m: {
      "id": "d919d425-e83f-49ff-b254-4e8b811e71bc",
      "method": "GET",
      "url": "/api/v1/lists/curators",
      "query": {},
      "params": {},
      "headers": {
        "host": "localhost:5000",
        "connection": "close",
        "sec-ch-ua-platform": "\"Windows\"",
        "user-agent": "Mozilla/5.0 (Windows NT 10.0; Win64; x64) AppleWebKit/537.36 (KHTML, like Gecko) Code/1.127.0 Chrome/148.0.7778.97 Electron/42.2.0 Safari/537.36",
        "accept": "application/json, text/plain, */*",
        "sec-ch-ua": "\"Not/A)Brand\";v=\"99\", \"Chromium\";v=\"148\"",
        "sec-ch-ua-mobile": "?0",
        "sec-fetch-site": "same-origin",
        "sec-fetch-mode": "cors",
        "sec-fetch-dest": "empty",
        "referer": "http://localhost:3000/",
        "accept-encoding": "gzip, deflate, br, zstd",
        "accept-language": "ru",
        "cookie": "token=eyJhbGciOiJIUzI1NiIsInR5cCI6IkpXVCJ9.eyJpZCI6MTksInJvbGUiOiJ0ZWFjaGVyIiwiaWF0IjoxNzg0MjE3NzQ5LCJleHAiOjE3ODQzMDQxNDl9.jHQ8dkAm6P0f8GzkMtCk_tBlwMzZF8wNUGSAle2XOhQ",
        "if-none-match": "W/\"64-WgMUW9D+GNNE/hZkX5/K6FobkIU\""
      },
      "remoteAddress": "::ffff:127.0.0.1",
      "remotePort": 61609
    }
    [35mres[39m: {
      "statusCode": 304,
      "headers": {
        "content-security-policy": "default-src 'self';base-uri 'self';font-src 'self' https: data:;form-action 'self';frame-ancestors 'self';img-src 'self' data:;object-src 'none';script-src 'self';script-src-attr 'none';style-src 'self' https: 'unsafe-inline';upgrade-insecure-requests",
        "cross-origin-opener-policy": "same-origin",
        "cross-origin-resource-policy": "same-origin",
        "origin-agent-cluster": "?1",
        "referrer-policy": "no-referrer",
        "strict-transport-security": "max-age=31536000; includeSubDomains",
        "x-content-type-options": "nosniff",
        "x-dns-prefetch-control": "off",
        "x-download-options": "noopen",
        "x-frame-options": "SAMEORIGIN",
        "x-permitted-cross-domain-policies": "none",
        "x-xss-protection": "0",
        "access-control-allow-origin": "http://localhost:5173",
        "vary": "Origin",
        "access-control-allow-credentials": "true",
        "x-ratelimit-limit": "100",
        "x-ratelimit-remaining": "25",
        "date": "Thu, 16 Jul 2026 16:03:01 GMT",
        "x-ratelimit-reset": "1784218335",
        "etag": "W/\"64-WgMUW9D+GNNE/hZkX5/K6FobkIU\""
      }
    }
    [35mresponseTime[39m: 5
[2026-07-16 19:03:01.592 +0300] [32mINFO[39m: [36mrequest completed[39m
    [35mhost[39m: "NIKITA-PC"
    [35mreq[39m: {
      "id": "6b441182-56ea-4975-8889-0cbad15f2d2e",
      "method": "GET",
      "url": "/api/v1/groups?page=1&limit=15",
      "query": {
        "page": "1",
        "limit": "15"
      },
      "params": {},
      "headers": {
        "host": "localhost:5000",
        "connection": "close",
        "sec-ch-ua-platform": "\"Windows\"",
        "user-agent": "Mozilla/5.0 (Windows NT 10.0; Win64; x64) AppleWebKit/537.36 (KHTML, like Gecko) Code/1.127.0 Chrome/148.0.7778.97 Electron/42.2.0 Safari/537.36",
        "accept": "application/json, text/plain, */*",
        "sec-ch-ua": "\"Not/A)Brand\";v=\"99\", \"Chromium\";v=\"148\"",
        "sec-ch-ua-mobile": "?0",
        "sec-fetch-site": "same-origin",
        "sec-fetch-mode": "cors",
        "sec-fetch-dest": "empty",
        "referer": "http://localhost:3000/",
        "accept-encoding": "gzip, deflate, br, zstd",
        "accept-language": "ru",
        "cookie": "token=eyJhbGciOiJIUzI1NiIsInR5cCI6IkpXVCJ9.eyJpZCI6MTksInJvbGUiOiJ0ZWFjaGVyIiwiaWF0IjoxNzg0MjE3NzQ5LCJleHAiOjE3ODQzMDQxNDl9.jHQ8dkAm6P0f8GzkMtCk_tBlwMzZF8wNUGSAle2XOhQ",
        "if-none-match": "W/\"e4-V6rT+6l3oHRWaN+zrpovy/C74l8\""
      },
      "remoteAddress": "::ffff:127.0.0.1",
      "remotePort": 61612
    }
    [35mres[39m: {
      "statusCode": 304,
      "headers": {
        "content-security-policy": "default-src 'self';base-uri 'self';font-src 'self' https: data:;form-action 'self';frame-ancestors 'self';img-src 'self' data:;object-src 'none';script-src 'self';script-src-attr 'none';style-src 'self' https: 'unsafe-inline';upgrade-insecure-requests",
        "cross-origin-opener-policy": "same-origin",
        "cross-origin-resource-policy": "same-origin",
        "origin-agent-cluster": "?1",
        "referrer-policy": "no-referrer",
        "strict-transport-security": "max-age=31536000; includeSubDomains",
        "x-content-type-options": "nosniff",
        "x-dns-prefetch-control": "off",
        "x-download-options": "noopen",
        "x-frame-options": "SAMEORIGIN",
        "x-permitted-cross-domain-policies": "none",
        "x-xss-protection": "0",
        "access-control-allow-origin": "http://localhost:5173",
        "vary": "Origin",
        "access-control-allow-credentials": "true",
        "x-ratelimit-limit": "100",
        "x-ratelimit-remaining": "24",
        "date": "Thu, 16 Jul 2026 16:03:01 GMT",
        "x-ratelimit-reset": "1784218335",
        "etag": "W/\"e4-V6rT+6l3oHRWaN+zrpovy/C74l8\""
      }
    }
    [35mresponseTime[39m: 8
[2026-07-16 19:03:02.249 +0300] [32mINFO[39m: [36mrequest completed[39m
    [35mhost[39m: "NIKITA-PC"
    [35mreq[39m: {
      "id": "c4cb531a-d9da-4a58-a0c5-bae6b5afb45d",
      "method": "GET",
      "url": "/api/v1/recipients?page=1&limit=15",
      "query": {
        "page": "1",
        "limit": "15"
      },
      "params": {},
      "headers": {
        "host": "localhost:5000",
        "connection": "close",
        "sec-ch-ua-platform": "\"Windows\"",
        "user-agent": "Mozilla/5.0 (Windows NT 10.0; Win64; x64) AppleWebKit/537.36 (KHTML, like Gecko) Code/1.127.0 Chrome/148.0.7778.97 Electron/42.2.0 Safari/537.36",
        "accept": "application/json, text/plain, */*",
        "sec-ch-ua": "\"Not/A)Brand\";v=\"99\", \"Chromium\";v=\"148\"",
        "sec-ch-ua-mobile": "?0",
        "sec-fetch-site": "same-origin",
        "sec-fetch-mode": "cors",
        "sec-fetch-dest": "empty",
        "referer": "http://localhost:3000/",
        "accept-encoding": "gzip, deflate, br, zstd",
        "accept-language": "ru",
        "cookie": "token=eyJhbGciOiJIUzI1NiIsInR5cCI6IkpXVCJ9.eyJpZCI6MTksInJvbGUiOiJ0ZWFjaGVyIiwiaWF0IjoxNzg0MjE3NzQ5LCJleHAiOjE3ODQzMDQxNDl9.jHQ8dkAm6P0f8GzkMtCk_tBlwMzZF8wNUGSAle2XOhQ",
        "if-none-match": "W/\"38-4FUF0FaRKmfJx/Y5csu09YQD0dc\""
      },
      "remoteAddress": "::ffff:127.0.0.1",
      "remotePort": 61617
    }
    [35mres[39m: {
      "statusCode": 304,
      "headers": {
        "content-security-policy": "default-src 'self';base-uri 'self';font-src 'self' https: data:;form-action 'self';frame-ancestors 'self';img-src 'self' data:;object-src 'none';script-src 'self';script-src-attr 'none';style-src 'self' https: 'unsafe-inline';upgrade-insecure-requests",
        "cross-origin-opener-policy": "same-origin",
        "cross-origin-resource-policy": "same-origin",
        "origin-agent-cluster": "?1",
        "referrer-policy": "no-referrer",
        "strict-transport-security": "max-age=31536000; includeSubDomains",
        "x-content-type-options": "nosniff",
        "x-dns-prefetch-control": "off",
        "x-download-options": "noopen",
        "x-frame-options": "SAMEORIGIN",
        "x-permitted-cross-domain-policies": "none",
        "x-xss-protection": "0",
        "access-control-allow-origin": "http://localhost:5173",
        "vary": "Origin",
        "access-control-allow-credentials": "true",
        "x-ratelimit-limit": "100",
        "x-ratelimit-remaining": "23",
        "date": "Thu, 16 Jul 2026 16:03:02 GMT",
        "x-ratelimit-reset": "1784218335",
        "etag": "W/\"38-4FUF0FaRKmfJx/Y5csu09YQD0dc\""
      }
    }
    [35mresponseTime[39m: 8
[2026-07-16 19:03:02.251 +0300] [32mINFO[39m: [36mrequest completed[39m
    [35mhost[39m: "NIKITA-PC"
    [35mreq[39m: {
      "id": "a2075cd9-84d0-4290-9720-1ce6e6d708ec",
      "method": "GET",
      "url": "/api/v1/groups",
      "query": {},
      "params": {},
      "headers": {
        "host": "localhost:5000",
        "connection": "close",
        "sec-ch-ua-platform": "\"Windows\"",
        "user-agent": "Mozilla/5.0 (Windows NT 10.0; Win64; x64) AppleWebKit/537.36 (KHTML, like Gecko) Code/1.127.0 Chrome/148.0.7778.97 Electron/42.2.0 Safari/537.36",
        "accept": "application/json, text/plain, */*",
        "sec-ch-ua": "\"Not/A)Brand\";v=\"99\", \"Chromium\";v=\"148\"",
        "sec-ch-ua-mobile": "?0",
        "sec-fetch-site": "same-origin",
        "sec-fetch-mode": "cors",
        "sec-fetch-dest": "empty",
        "referer": "http://localhost:3000/",
        "accept-encoding": "gzip, deflate, br, zstd",
        "accept-language": "ru",
        "cookie": "token=eyJhbGciOiJIUzI1NiIsInR5cCI6IkpXVCJ9.eyJpZCI6MTksInJvbGUiOiJ0ZWFjaGVyIiwiaWF0IjoxNzg0MjE3NzQ5LCJleHAiOjE3ODQzMDQxNDl9.jHQ8dkAm6P0f8GzkMtCk_tBlwMzZF8wNUGSAle2XOhQ",
        "if-none-match": "W/\"e4-V6rT+6l3oHRWaN+zrpovy/C74l8\""
      },
      "remoteAddress": "::ffff:127.0.0.1",
      "remotePort": 61618
    }
    [35mres[39m: {
      "statusCode": 304,
      "headers": {
        "content-security-policy": "default-src 'self';base-uri 'self';font-src 'self' https: data:;form-action 'self';frame-ancestors 'self';img-src 'self' data:;object-src 'none';script-src 'self';script-src-attr 'none';style-src 'self' https: 'unsafe-inline';upgrade-insecure-requests",
        "cross-origin-opener-policy": "same-origin",
        "cross-origin-resource-policy": "same-origin",
        "origin-agent-cluster": "?1",
        "referrer-policy": "no-referrer",
        "strict-transport-security": "max-age=31536000; includeSubDomains",
        "x-content-type-options": "nosniff",
        "x-dns-prefetch-control": "off",
        "x-download-options": "noopen",
        "x-frame-options": "SAMEORIGIN",
        "x-permitted-cross-domain-policies": "none",
        "x-xss-protection": "0",
        "access-control-allow-origin": "http://localhost:5173",
        "vary": "Origin",
        "access-control-allow-credentials": "true",
        "x-ratelimit-limit": "100",
        "x-ratelimit-remaining": "22",
        "date": "Thu, 16 Jul 2026 16:03:02 GMT",
        "x-ratelimit-reset": "1784218335",
        "etag": "W/\"e4-V6rT+6l3oHRWaN+zrpovy/C74l8\""
      }
    }
    [35mresponseTime[39m: 8
